,instrument_id,ts_event,rtype,publisher_id,action,side,depth,price,size,flags,ts_in_delta,sequence,bid_px_00,ask_px_00,bid_sz_00,ask_sz_00,bid_ct_00,ask_ct_00,symbol_x,expiration,strike_price,contract_multiplier,symbol_y,underlying_id,cfi,underlying_price,open_interest,mid_price,T,option_type,implied_vol,gamma,delta
0,42347631,2026-02-27 14:14:59.749595671+00:00,1,1,M,A,0,18.3,21,128,19959,1297850288,17.9,18.3,67,106,5,8,42347631,2026-03-20 13:30:00+00:00,6250.0,50,ESH6 P6250,42140878,OPAFPS,6862.375,11,18.1,0.05560562323091743,put,0.2919990619121914,0.0003198038381359964,-0.08180293734476457
1,42360127,2026-02-27 14:14:52.828899495+00:00,1,1,M,A,0,634.0,10,128,14873,1297810883,626.0,634.0,10,10,1,1,42360127,2026-03-20 13:30:00+00:00,6250.0,50,ESH6 C6250,42140878,OCAFPS,6862.375,624,630.0,0.05560562323091743,call,0.2951719995581965,0.00032265706196974857,0.9139718809406047
2,42383331,2026-02-27 14:14:59.692251933+00:00,1,1,M,B,0,58.5,17,128,14204,1297849938,58.5,59.25,87,74,8,8,42383331,2026-03-20 13:30:00+00:00,6650.0,50,ESH6 P6650,42140878,OPAFPS,6862.375,39,58.875,0.05560562323091743,put,0.22088311913750697,0.0009135764560727972,-0.2639357949213911
3,42397940,2026-02-27 14:14:59.637552735+00:00,1,1,M,A,0,24.25,35,128,14470,1297849299,23.5,24.25,272,218,10,10,42397940,2026-03-20 13:30:00+00:00,6350.0,50,ESH6 P6350,42140878,OPAFPS,6862.375,15,23.875,0.05560562323091743,put,0.27417672046540903,0.0004198191979174041,-0.108646614322639
4,42402262,2026-02-27 14:14:52.822054039+00:00,1,1,M,A,0,539.5,11,128,13695,1297810843,532.0,539.5,11,11,1,1,42402262,2026-03-20 13:30:00+00:00,6350.0,50,ESH6 C6350,42140878,OCAFPS,6862.375,530,535.75,0.05560562323091743,call,0.2760029617951786,0.0004210192987428083,0.8878521080390681
5,42419523,2026-02-27 14:14:59.446528293+00:00,1,1,C,N,0,445.0,1,128,14889,1297846241,442.5,445.0,6,6,1,1,42419523,2026-03-20 13:30:00+00:00,6450.0,50,ESH6 C6450,42140878,OCAFPS,6862.375,436,443.75,0.05560562323091743,call,0.2573461152761279,0.0005499677487317058,0.851750675055744
6,42420430,2026-02-27 14:14:59.446600453+00:00,1,1,M,B,0,353.5,3,128,16621,1297846830,354.0,356.5,6,6,1,1,42420430,2026-03-20 13:30:00+00:00,6550.0,50,ESH6 C6550,42140878,OCAFPS,6862.375,348,355.25,0.05560562323091743,call,0.23965071548973346,0.0007137252364701458,0.8014259529239126
7,42421497,2026-02-27 14:14:57.993284155+00:00,1,1,A,B,0,31.75,1,128,14991,1297841077,31.75,32.25,149,1,8,1,42421497,2026-03-20 13:30:00+00:00,6450.0,50,ESH6 P6450,42140878,OPAFPS,6862.375,20,32.0,0.05560562323091743,put,0.25674488923962796,0.000549910559181699,-0.14566320202536573
8,42422428,2026-02-27 14:14:59.653132811+00:00,1,1,M,B,0,120.0,20,128,13894,1297849607,120.0,121.5,116,65,11,9,42422428,2026-03-20 13:30:00+00:00,6850.0,50,ESH6 C6850,42140878,OCAFPS,6862.375,117,120.75,0.05560562323091743,call,0.17785334650288379,0.0013804830616234692,0.5244374163626593
9,42426734,2026-02-27 14:14:53.075137525+00:00,1,1,A,A,0,0.5,25,128,14530,1297814600,0.3,0.5,492,509,7,9,42426734,2026-03-20 13:30:00+00:00,7400.0,50,ESH6 C7400,42140878,OCAFPS,6862.375,0,0.4,0.05560562323091743,call,0.12689932608431004,8.398846453230213e-05,0.006098890362069417
10,42426741,2026-02-27 14:14:59.687538051+00:00,1,1,M,A,0,37.75,27,128,13158,1297849905,37.0,37.75,180,210,9,11,42426741,2026-03-20 13:30:00+00:00,6500.0,50,ESH6 P6500,42140878,OPAFPS,6862.375,24,37.375,0.05560562323091743,put,0.2484565075384714,0.0006274443378783603,-0.16937088006209494
11,42426742,2026-02-27 14:14:59.446528293+00:00,1,1,C,N,0,457.5,1,128,14963,1297846250,421.5,458.0,121,121,1,1,42426742,2026-03-20 13:30:00+00:00,7300.0,50,ESH6 P7300,42140878,OPAFPS,6862.375,388,439.75,0.05560562323091743,put,0.14218086589804735,0.00032600433717065036,-0.9641734822646002
12,42427413,2026-02-27 14:14:59.658632961+00:00,1,1,M,B,0,43.25,3,128,14592,1297849675,43.25,43.75,42,35,4,7,42427413,2026-03-20 13:30:00+00:00,6550.0,50,ESH6 P6550,42140878,OPAFPS,6862.375,28,43.5,0.05560562323091743,put,0.23961270873424778,0.0007137615798466127,-0.1964838023161477
13,42427500,2026-02-27 14:14:59.897867213+00:00,1,1,M,A,0,21.5,4,128,13014,1297850533,20.5,21.0,233,61,9,6,42427500,2026-03-20 13:30:00+00:00,6300.0,50,ESH6 P6300,42140878,OPAFPS,6862.375,13,20.75,0.05560562323091743,put,0.28305424823271685,0.00036640457445811354,-0.0941623803946808
14,42427501,2026-02-27 14:14:59.446528293+00:00,1,1,C,B,0,178.0,1,128,14826,1297846248,176.5,177.5,3,1,1,1,42427501,2026-03-20 13:30:00+00:00,7000.0,50,ESH6 P7000,42140878,OPAFPS,6862.375,135,177.0,0.05560562323091743,put,0.1422742053546261,0.0014656867516875725,-0.7159084947618021
15,42427502,2026-02-27 14:14:59.446528293+00:00,1,1,C,N,0,557.0,1,128,14963,1297846250,520.5,557.5,120,120,1,1,42427502,2026-03-20 13:30:00+00:00,7400.0,50,ESH6 P7400,42140878,OPAFPS,6862.375,490,539.0,0.05560562323091743,put,0.1621154410794066,0.00022496410630835206,-0.9726428475619902
16,42427507,2026-02-27 14:14:59.625084349+00:00,1,1,M,B,0,154.5,7,128,12506,1297849178,154.5,156.0,45,70,6,9,42427507,2026-03-20 13:30:00+00:00,6800.0,50,ESH6 C6800,42140878,OCAFPS,6862.375,150,155.25,0.05560562323091743,call,0.189626764857147,0.0012645533480145988,0.5884048413861163
17,42427508,2026-02-27 14:14:59.749595671+00:00,1,1,M,B,0,11.7,21,128,19959,1297850288,11.7,12.1,108,89,6,5,42427508,2026-03-20 13:30:00+00:00,7100.0,50,ESH6 C7100,42140878,OCAFPS,6862.375,12,11.899999999999999,0.05560562323091743,call,0.12281640430857163,0.001021092535826274,0.12258303151186653
18,42428246,2026-02-27 14:14:59.619228651+00:00,1,1,A,A,0,28.0,4,128,13827,1297849085,27.25,28.0,266,121,12,10,42428246,2026-03-20 13:30:00+00:00,6400.0,50,ESH6 P6400,42140878,OPAFPS,6862.375,17,27.625,0.05560562323091743,put,0.2655274332248436,0.0004808429106832474,-0.125768666980684
19,42428248,2026-02-27 14:14:59.446528293+00:00,1,1,C,N,0,490.5,1,128,13489,1297846240,488.0,490.5,5,5,1,1,42428248,2026-03-20 13:30:00+00:00,6400.0,50,ESH6 C6400,42140878,OCAFPS,6862.375,482,489.25,0.05560562323091743,call,0.26612574851180204,0.0004810998753034825,0.8716724260606022
20,42428249,2026-02-27 14:14:59.446635675+00:00,1,1,M,A,0,400.0,6,128,14510,1297846860,398.0,400.0,6,6,1,1,42428249,2026-03-20 13:30:00+00:00,6500.0,50,ESH6 C6500,42140878,OCAFPS,6862.375,392,399.0,0.05560562323091743,call,0.24844373670358777,0.0006274489620477581,0.8285854542715445
21,42428250,2026-02-27 14:14:59.446528293+00:00,1,1,C,N,0,313.5,1,128,14607,1297846242,311.5,313.5,6,6,1,1,42428250,2026-03-20 13:30:00+00:00,6600.0,50,ESH6 C6600,42140878,OCAFPS,6862.375,306,312.5,0.05560562323091743,call,0.23054539525183254,0.0008089868539813466,0.7700563088079616
22,42429010,2026-02-27 14:14:59.454995927+00:00,1,1,M,A,0,586.0,11,128,14662,1297847310,579.0,586.0,11,11,1,1,42429010,2026-03-20 13:30:00+00:00,6300.0,50,ESH6 C6300,42140878,OCAFPS,6862.375,577,582.5,0.05560562323091743,call,0.28499799190546055,0.00036798449761865664,0.9023465066788536
23,42429011,2026-02-27 14:14:59.645741559+00:00,1,1,A,B,0,89.25,3,128,11316,1297849444,89.25,89.75,7,2,3,2,42429011,2026-03-20 13:30:00+00:00,6900.0,50,ESH6 C6900,42140878,OCAFPS,6862.375,86,89.5,0.05560562323091743,call,0.1659979961499641,0.0014714551855738978,0.4512670839374106
24,42429064,2026-02-27 14:14:59.618975203+00:00,1,1,A,A,0,109.0,4,128,12955,1297849055,108.0,109.0,33,55,6,7,42429064,2026-03-20 13:30:00+00:00,6850.0,50,ESH6 P6850,42140878,OPAFPS,6862.375,78,108.5,0.05560562323091743,put,0.17800820996592576,0.0013792837631062538,-0.4735149118223865
25,42429674,2026-02-27 14:14:59.713259875+00:00,1,1,M,A,0,69.0,3,128,17977,1297850215,68.25,69.0,2,129,2,11,42429674,2026-03-20 13:30:00+00:00,6700.0,50,ESH6 P6700,42140878,OPAFPS,6862.375,46,68.625,0.05560562323091743,put,0.21113159583977972,0.0010253240921889275,-0.3058450158469702
26,42429675,2026-02-27 14:14:59.446528293+00:00,1,1,C,N,0,657.0,1,128,14963,1297846250,620.5,657.5,120,120,1,1,42429675,2026-03-20 13:30:00+00:00,7500.0,50,ESH6 P7500,42140878,OPAFPS,6862.375,615,639.0,0.05560562323091743,put,0.18823427821071245,0.0001842527494167282,-0.9741136499534355
27,42429687,2026-02-27 14:14:59.771323159+00:00,1,1,M,B,0,39.25,25,128,15386,1297850325,39.5,40.0,70,1,6,1,42429687,2026-03-20 13:30:00+00:00,7000.0,50,ESH6 C7000,42140878,OCAFPS,6862.375,38,39.75,0.05560562323091743,call,0.14244290906667603,0.0014645574892257918,0.2822795139804947
28,42430442,2026-02-27 14:14:52.922730889+00:00,1,1,A,N,0,0.4,1,128,14358,1297811691,0.1,0.4,844,891,9,10,42430442,2026-03-20 13:30:00+00:00,7500.0,50,ESH6 C7500,42140878,OCAFPS,6862.375,0,0.25,0.05560562323091743,call,0.1395660840569954,4.8171112351765115e-05,0.0036380975294885093
29,42430453,2026-02-27 14:14:59.602887423+00:00,1,1,M,B,0,15.6,18,128,14394,1297848764,15.6,15.9,90,21,5,1,42430453,2026-03-20 13:30:00+00:00,6200.0,50,ESH6 P6200,42140878,OPAFPS,6862.375,10,15.75,0.05560562323091743,put,0.3005759017190974,0.00027884952504282976,-0.07096964218476402
30,42430454,2026-02-27 14:14:59.446528293+00:00,1,1,C,N,0,345.5,1,128,14895,1297846249,334.0,346.0,6,7,1,1,42430454,2026-03-20 13:30:00+00:00,7200.0,50,ESH6 P7200,42140878,OPAFPS,6862.375,290,340.0,0.05560562323091743,put,0.11607027869936307,0.0004656299557365132,-0.957190321085098
31,42430464,2026-02-27 14:14:57.987193899+00:00,1,1,M,A,0,2.8,33,128,12796,1297840922,2.55,2.8,145,291,6,9,42430464,2026-03-20 13:30:00+00:00,7200.0,50,ESH6 C7200,42140878,OCAFPS,6862.375,3,2.675,0.05560562323091743,call,0.11317586977308933,0.0004409346149376351,0.03695272797718673
32,42430465,2026-02-27 14:14:59.488286327+00:00,1,1,M,B,0,229.5,4,128,11524,1297847827,230.0,231.5,10,35,3,6,42430465,2026-03-20 13:30:00+00:00,6700.0,50,ESH6 C6700,42140878,OCAFPS,6862.375,225,230.75,0.05560562323091743,call,0.21127928709382449,0.001024772558457817,0.6919880032016844
33,42431181,2026-02-27 14:14:59.657049487+00:00,1,1,M,A,0,50.75,1,128,15711,1297849662,50.25,50.75,71,1,6,1,42431181,2026-03-20 13:30:00+00:00,6600.0,50,ESH6 P6600,42140878,OPAFPS,6862.375,33,50.5,0.05560562323091743,put,0.2302089435988936,0.0008095609910991993,-0.22758418268439623
34,42431193,2026-02-27 14:14:52.782947471+00:00,1,1,M,N,0,681.5,10,128,15266,1297810068,674.0,681.5,10,10,1,1,42431193,2026-03-20 13:30:00+00:00,6200.0,50,ESH6 C6200,42140878,OCAFPS,6862.375,672,677.75,0.05560562323091743,call,0.30500355464627776,0.0002830395422253166,0.9241851092558007
35,42431937,2026-02-27 14:14:53.075137525+00:00,1,1,A,A,0,0.9,25,128,14530,1297814600,0.65,0.9,464,671,8,10,42431937,2026-03-20 13:30:00+00:00,7300.0,50,ESH6 C7300,42140878,OCAFPS,6862.375,1,0.775,0.05560562323091743,call,0.11561602960813845,0.00016781252571973235,0.012075775390789021
36,42431945,2026-02-27 14:14:59.774502469+00:00,1,1,M,B,0,92.5,3,128,14155,1297850335,92.5,93.25,38,12,5,4,42431945,2026-03-20 13:30:00+00:00,6800.0,50,ESH6 P6800,42140878,OPAFPS,6862.375,65,92.875,0.05560562323091743,put,0.18942259597242056,0.0012658601009338873,-0.40946380249602765
37,42431946,2026-02-27 14:14:59.644957213+00:00,1,1,M,A,0,128.0,1,128,11382,1297849430,126.5,127.5,34,1,6,1,42431946,2026-03-20 13:30:00+00:00,6900.0,50,ESH6 P6900,42140878,OPAFPS,6862.375,93,127.0,0.05560562323091743,put,0.16592346705041533,0.001472103478306194,-0.5467058962857273
38,42431947,2026-02-27 14:14:59.446528293+00:00,1,1,C,N,0,250.0,1,128,14895,1297846249,248.0,250.5,5,5,1,1,42431947,2026-03-20 13:30:00+00:00,7100.0,50,ESH6 P7100,42140878,OPAFPS,6862.375,202,249.25,0.05560562323091743,put,0.12346385842272262,0.0010231031704800327,-0.8740907203043021
39,42433544,2026-02-27 14:14:59.446632525+00:00,1,1,M,A,0,271.5,6,128,14376,1297846858,270.0,271.5,22,6,2,1,42433544,2026-03-20 13:30:00+00:00,6650.0,50,ESH6 C6650,42140878,OCAFPS,6862.375,265,270.75,0.05560562323091743,call,0.2207629230017796,0.0009138928746621998,0.7341115795127119
40,42435427,2026-02-27 14:14:59.749595671+00:00,1,1,M,A,0,80.25,20,128,19959,1297850288,79.25,80.25,77,103,8,10,42435427,2026-03-20 13:30:00+00:00,6750.0,50,ESH6 P6750,42140878,OPAFPS,6862.375,55,79.75,0.05560562323091743,put,0.20048231360713145,0.0011447558898608108,-0.3538860269445799
41,42441335,2026-02-27 14:14:59.446528293+00:00,1,1,C,N,0,604.5,1,128,14963,1297846250,570.5,605.0,120,120,1,1,42441335,2026-03-20 13:30:00+00:00,7450.0,50,ESH6 P7450,42140878,OPAFPS,6862.375,540,587.75,0.05560562323091743,put,0.15888233059414128,0.00014568296850736524,-0.9831306237924373
42,42474858,2026-02-27 14:14:59.667294085+00:00,1,1,M,B,0,191.0,3,128,14126,1297849735,191.0,192.5,53,35,8,7,42474858,2026-03-20 13:30:00+00:00,6750.0,50,ESH6 C6750,42140878,OCAFPS,6862.375,187,191.75,0.05560562323091743,call,0.2002426249999719,0.0011459594878745274,0.6442034320263718
43,42483101,2026-02-27 14:14:59.710816411+00:00,1,1,M,A,0,62.5,1,128,11412,1297850186,61.75,62.5,65,2,8,2,42483101,2026-03-20 13:30:00+00:00,6950.0,50,ESH6 C6950,42140878,OCAFPS,6862.375,60,62.125,0.05560562323091743,call,0.1539570772596916,0.0015126673391318139,0.3694332856360012
44,42483456,2026-02-27 14:14:59.889417261+00:00,1,1,M,A,0,23.25,9,128,14759,1297850520,22.75,23.25,91,74,7,6,42483456,2026-03-20 13:30:00+00:00,7050.0,50,ESH6 C7050,42140878,OCAFPS,6862.375,22,23.0,0.05560562323091743,call,0.13186959515503,0.0012979210734147331,0.1967305764004176
45,42483458,2026-02-27 14:14:59.446528293+00:00,1,1,C,N,0,211.0,1,128,14826,1297846248,209.0,211.5,5,5,1,1,42483458,2026-03-20 13:30:00+00:00,7050.0,50,ESH6 P7050,42140878,OPAFPS,6862.375,167,210.25,0.05560562323091743,put,0.13189329867099292,0.0012978632406591046,-0.8011701759298184
46,42485321,2026-02-27 14:14:59.446528293+00:00,1,1,C,B,0,150.5,1,128,13813,1297846247,149.0,150.0,7,1,2,1,42485321,2026-03-20 13:30:00+00:00,6950.0,50,ESH6 P6950,42140878,OPAFPS,6862.375,112,149.5,0.05560562323091743,put,0.1538424423413274,0.0015136570434829818,-0.6286146520367465
47,42486183,2026-02-27 14:14:59.446528293+00:00,1,1,C,N,0,493.5,1,128,14963,1297846250,481.5,494.0,7,7,1,1,42486183,2026-03-20 13:30:00+00:00,7350.0,50,ESH6 P7350,42140878,OPAFPS,6862.375,438,487.75,0.05560562323091743,put,0.13309819346144797,0.0001749307199311346,-0.9830289574392804
48,42488858,2026-02-27 14:14:53.075137525+00:00,1,1,A,A,0,0.65,25,128,14530,1297814600,0.4,0.65,491,700,8,10,42488858,2026-03-20 13:30:00+00:00,7350.0,50,ESH6 C7350,42140878,OCAFPS,6862.375,1,0.525,0.05560562323091743,call,0.12057802494768424,0.00011451267240326343,0.008178695545709718
49,42497579,2026-02-27 14:14:52.922588975+00:00,1,1,A,A,0,0.45,1,128,13622,1297811664,0.3,0.45,1,799,1,10,42497579,2026-03-20 13:30:00+00:00,7450.0,50,ESH6 C7450,42140878,OCAFPS,6862.375,0,0.375,0.05560562323091743,call,0.1358846863750825,7.046165763538404e-05,0.005404961037059792
50,42499828,2026-02-27 14:14:59.535546067+00:00,1,1,M,A,0,5.9,40,128,17410,1297848475,5.6,5.9,5,180,2,8,42499828,2026-03-20 13:30:00+00:00,7150.0,50,ESH6 C7150,42140878,OCAFPS,6862.375,6,5.75,0.05560562323091743,call,0.11674383960732634,0.0007072737045903264,0.06960088384916878
51,42506170,2026-02-27 14:14:59.446528293+00:00,1,1,C,N,0,296.0,1,128,14895,1297846249,289.0,296.5,10,10,1,1,42506170,2026-03-20 13:30:00+00:00,7150.0,50,ESH6 P7150,42140878,OPAFPS,6862.375,245,292.75,0.05560562323091743,put,0.11658706637747386,0.000706108244021717,-0.9286138606308405
52,42538646,2026-02-27 14:14:59.446528293+00:00,1,1,C,N,0,395.0,1,128,14963,1297846250,382.0,395.5,7,5,1,1,42538646,2026-03-20 13:30:00+00:00,7250.0,50,ESH6 P7250,42140878,OPAFPS,6862.375,340,388.75,0.05560562323091743,put,0.11947928643844632,0.0003159597579847918,-0.9715775131017574
53,42545724,2026-02-27 14:14:53.074936893+00:00,1,1,A,A,0,1.45,25,128,13197,1297814599,1.25,1.45,225,431,8,9,42545724,2026-03-20 13:30:00+00:00,7250.0,50,ESH6 C7250,42140878,OCAFPS,6862.375,1,1.35,0.05560562323091743,call,0.11304871213367017,0.00026731647336490557,0.020243274024157404
54,42566722,2026-02-27 14:14:59.653132811+00:00,1,1,M,B,0,104.0,20,128,13894,1297849607,104.0,105.5,115,79,11,11,42566722,2026-03-20 13:30:00+00:00,6875.0,50,ESH6 C6875,42140878,OCAFPS,6862.375,102,104.75,0.05560562323091743,call,0.17204873906570473,0.001429536720461045,0.4890124485879914
55,42566737,2026-02-27 14:14:59.658632961+00:00,1,1,M,B,0,46.5,13,128,14592,1297849675,46.5,47.25,141,151,8,9,42566737,2026-03-20 13:30:00+00:00,6575.0,50,ESH6 P6575,42140878,OPAFPS,6862.375,30,46.875,0.05560562323091743,put,0.23496711572320833,0.0007604581918045667,-0.21148149555664397
56,42608050,2026-02-27 14:14:59.675597971+00:00,1,1,M,A,0,50.75,4,128,14417,1297849826,50.0,50.75,78,94,6,9,42608050,2026-03-20 13:30:00+00:00,6975.0,50,ESH6 C6975,42140878,OCAFPS,6862.375,49,50.375,0.05560562323091743,call,0.14830200994660622,0.0015005541650699122,0.32640119850005184
57,42608051,2026-02-27 14:14:59.638777703+00:00,1,1,M,A,0,17.0,18,128,15156,1297849330,16.6,17.0,34,64,4,5,42608051,2026-03-20 13:30:00+00:00,7075.0,50,ESH6 C7075,42140878,OCAFPS,6862.375,17,16.8,0.05560562323091743,call,0.1271720754044162,0.0011704216868605492,0.15771833740172414
58,42608052,2026-02-27 14:14:53.074936893+00:00,1,1,A,A,0,2.0,25,128,13197,1297814599,1.75,2.0,222,526,8,10,42608052,2026-03-20 13:30:00+00:00,7225.0,50,ESH6 C7225,42140878,OCAFPS,6862.375,2,1.875,0.05560562323091743,call,0.11274062788931667,0.00034306407673046315,0.027144154009222925
59,42608056,2026-02-27 14:14:59.602887423+00:00,1,1,M,B,0,16.7,17,128,14394,1297848764,16.7,17.0,86,21,5,1,42608056,2026-03-20 13:30:00+00:00,6225.0,50,ESH6 P6225,42140878,OPAFPS,6862.375,10,16.85,0.05560562323091743,put,0.29616117629601957,0.00029850581423662416,-0.07609617206993143
60,42608057,2026-02-27 14:14:59.618736173+00:00,1,1,A,A,0,138.5,4,128,14928,1297849021,137.0,138.5,31,16,6,5,42608057,2026-03-20 13:30:00+00:00,6925.0,50,ESH6 P6925,42140878,OPAFPS,6862.375,102,137.75,0.05560562323091743,put,0.15995540649014273,0.0015006629187296744,-0.5866299614810281
61,42608058,2026-02-27 14:14:59.446528293+00:00,1,1,C,N,0,333.0,1,128,14895,1297846249,300.0,333.5,126,126,1,1,42608058,2026-03-20 13:30:00+00:00,7175.0,50,ESH6 P7175,42140878,OPAFPS,6862.375,267,316.75,0.05560562323091743,put,0.11934839512788151,0.0006021340729348258,-0.9397249694334223
62,42608059,2026-02-27 14:14:59.446632525+00:00,1,1,M,B,0,228.0,5,128,14376,1297846858,228.0,230.5,5,5,1,1,42608059,2026-03-20 13:30:00+00:00,7075.0,50,ESH6 P7075,42140878,OPAFPS,6862.375,184,229.25,0.05560562323091743,put,0.12784247138789975,0.001170604531866923,-0.8389185929999565
63,42643032,2026-02-27 14:14:59.446572071+00:00,1,1,M,A,0,562.5,11,128,13186,1297846771,555.5,562.5,11,11,1,1,42643032,2026-03-20 13:30:00+00:00,6325.0,50,ESH6 C6325,42140878,OCAFPS,6862.375,554,559.0,0.05560562323091743,call,0.28028351892928177,0.0003934633681927886,0.8955444199950856
64,42643085,2026-02-27 14:14:59.636276717+00:00,1,1,M,B,0,172.5,8,128,17667,1297849286,172.5,174.0,37,38,6,7,42643085,2026-03-20 13:30:00+00:00,6775.0,50,ESH6 C6775,42140878,OCAFPS,6862.375,168,173.25,0.05560562323091743,call,0.19503397903953265,0.0012053614786735206,0.6172586276164989
65,42643092,2026-02-27 14:14:53.075137525+00:00,1,1,A,A,0,0.6,25,128,14530,1297814600,0.3,0.6,619,740,9,10,42643092,2026-03-20 13:30:00+00:00,7375.0,50,ESH6 C7375,42140878,OCAFPS,6862.375,0,0.44999999999999996,0.05560562323091743,call,0.12352376061714494,9.693667254449836e-05,0.006956919028891765
66,42643164,2026-02-27 14:14:52.922607233+00:00,1,1,A,N,0,0.4,1,128,14940,1297811666,0.15,0.4,636,952,7,10,42643164,2026-03-20 13:30:00+00:00,7475.0,50,ESH6 C7475,42140878,OCAFPS,6862.375,0,0.275,0.05560562323091743,call,0.13620297374309764,5.446096688629261e-05,0.004059999829498044
67,42643322,2026-02-27 14:14:59.636276717+00:00,1,1,M,A,0,101.0,16,128,17667,1297849286,99.75,101.0,32,102,6,11,42643322,2026-03-20 13:30:00+00:00,6825.0,50,ESH6 P6825,42140878,OPAFPS,6862.375,71,100.375,0.05560562323091743,put,0.1838121579699796,0.0013239554841249443,-0.4403950959545066
68,42643324,2026-02-27 14:14:59.646460839+00:00,1,1,M,A,0,86.5,15,128,14093,1297849465,85.5,86.5,75,81,8,9,42643324,2026-03-20 13:30:00+00:00,6775.0,50,ESH6 P6775,42140878,OPAFPS,6862.375,60,86.0,0.05560562323091743,put,0.19494531332110027,0.00120586740658751,-0.38064184815003765
69,42643325,2026-02-27 14:14:59.446528293+00:00,1,1,C,N,0,468.5,1,128,14963,1297846250,456.5,469.0,7,7,1,1,42643325,2026-03-20 13:30:00+00:00,7325.0,50,ESH6 P7325,42140878,OPAFPS,6862.375,414,462.75,0.05560562323091743,put,0.12659668251644363,0.00018433031271535298,-0.982989718277887
70,42670701,2026-02-27 14:14:59.446721617+00:00,1,1,M,B,0,290.5,6,128,15844,1297846945,290.5,292.5,6,6,1,1,42670701,2026-03-20 13:30:00+00:00,6625.0,50,ESH6 C6625,42140878,OCAFPS,6862.375,285,291.5,0.05560562323091743,call,0.22576043761114836,0.0008601706887892399,0.7526864610626831
71,42670702,2026-02-27 14:14:59.446528293+00:00,1,1,C,N,0,251.0,1,128,14607,1297846242,250.0,251.5,7,27,2,4,42670702,2026-03-20 13:30:00+00:00,6675.0,50,ESH6 C6675,42140878,OCAFPS,6862.375,244,250.75,0.05560562323091743,call,0.216422132299957,0.000967448621821289,0.7135078645508564
72,42670703,2026-02-27 14:14:59.618795095+00:00,1,1,A,B,0,210.5,3,128,14532,1297849030,210.5,212.0,10,37,3,6,42670703,2026-03-20 13:30:00+00:00,6725.0,50,ESH6 C6725,42140878,OCAFPS,6862.375,206,211.25,0.05560562323091743,call,0.20619150412669912,0.001083009718681951,0.668729802173292
73,42670704,2026-02-27 14:14:53.074936893+00:00,1,1,A,A,0,1.1,25,128,13197,1297814599,0.9,1.1,261,411,7,8,42670704,2026-03-20 13:30:00+00:00,7275.0,50,ESH6 C7275,42140878,OCAFPS,6862.375,1,1.0,0.05560562323091743,call,0.11395984599998328,0.0002097309876899152,0.015377536286418088
74,42670705,2026-02-27 14:14:53.075137525+00:00,1,1,A,A,0,0.75,25,128,14530,1297814600,0.5,0.75,495,700,8,10,42670705,2026-03-20 13:30:00+00:00,7325.0,50,ESH6 C7325,42140878,OCAFPS,6862.375,1,0.625,0.05560562323091743,call,0.1178348587832999,0.0001370217834003584,0.009777785733117383
75,42671069,2026-02-27 14:14:53.075137525+00:00,1,1,A,A,0,0.45,25,128,14530,1297814600,0.2,0.45,568,587,8,9,42671069,2026-03-20 13:30:00+00:00,7425.0,50,ESH6 C7425,42140878,OCAFPS,6862.375,0,0.325,0.05560562323091743,call,0.12891522759093457,6.897493349514931e-05,0.004973783713911465
76,42671291,2026-02-27 14:14:59.706146571+00:00,1,1,M,A,0,64.0,22,128,13386,1297850140,63.25,64.0,2,133,2,11,42671291,2026-03-20 13:30:00+00:00,6675.0,50,ESH6 P6675,42140878,OPAFPS,6862.375,42,63.625,0.05560562323091743,put,0.216175661930396,0.000968227275961809,-0.2842371681537107
77,42671292,2026-02-27 14:14:59.446528293+00:00,1,1,C,N,0,370.5,1,128,14895,1297846249,358.5,371.0,5,5,1,1,42671292,2026-03-20 13:30:00+00:00,7225.0,50,ESH6 P7225,42140878,OPAFPS,6862.375,316,364.75,0.05560562323091743,put,0.12132327277166663,0.00041180470021121203,-0.9609391220746376
78,42671293,2026-02-27 14:14:59.446528293+00:00,1,1,C,N,0,532.5,1,128,14963,1297846250,496.0,533.0,120,120,1,1,42671293,2026-03-20 13:30:00+00:00,7375.0,50,ESH6 P7375,42140878,OPAFPS,6862.375,464,514.5,0.05560562323091743,put,0.16036843806318546,0.0002590269682518438,-0.968368586943566
79,42671295,2026-02-27 14:14:59.446528293+00:00,1,1,C,N,0,632.0,1,128,14963,1297846250,595.5,632.5,120,120,1,1,42671295,2026-03-20 13:30:00+00:00,7475.0,50,ESH6 P7475,42140878,OPAFPS,6862.375,576,614.0,0.05560562323091743,put,0.18175020186529695,0.00019299949509278693,-0.97379026346396
80,42689128,2026-02-27 14:14:28.093125791+00:00,1,1,M,B,0,509.0,11,128,14797,1297680164,509.0,516.0,11,11,1,1,42689128,2026-03-20 13:30:00+00:00,6375.0,50,ESH6 C6375,42140878,OCAFPS,6862.375,507,512.5,0.05560562323091743,call,0.27127538741692786,0.0004501471937691072,0.8799075907719263
81,42689129,2026-02-27 14:14:52.821584445+00:00,1,1,M,A,0,657.5,10,128,14592,1297810839,650.0,657.5,10,10,1,1,42689129,2026-03-20 13:30:00+00:00,6225.0,50,ESH6 C6225,42140878,OCAFPS,6862.375,648,653.75,0.05560562323091743,call,0.29972646851169815,0.00030182450848965616,0.9195064916349188
82,42689130,2026-02-27 14:14:59.693482487+00:00,1,1,M,A,0,75.75,15,128,14977,1297849953,75.0,75.75,30,82,3,9,42689130,2026-03-20 13:30:00+00:00,6925.0,50,ESH6 C6925,42140878,OCAFPS,6862.375,73,75.375,0.05560562323091743,call,0.16014835901552477,0.001498958916568832,0.4114363022825502
83,42689131,2026-02-27 14:14:59.547283959+00:00,1,1,A,B,0,9.0,21,128,14540,1297848534,8.1,8.5,139,116,6,6,42689131,2026-03-20 13:30:00+00:00,7125.0,50,ESH6 C7125,42140878,OCAFPS,6862.375,8,8.3,0.05560562323091743,call,0.11932933029885442,0.0008620512164316882,0.09312527913999923
84,42689132,2026-02-27 14:14:59.702310571+00:00,1,1,M,B,0,30.25,4,128,12908,1297850101,30.25,31.0,132,42,10,5,42689132,2026-03-20 13:30:00+00:00,7025.0,50,ESH6 C7025,42140878,OCAFPS,6862.375,30,30.625,0.05560562323091743,call,0.13695361243694812,0.0013970878395849567,0.23864078123702864
85,42689134,2026-02-27 14:14:59.619121807+00:00,1,1,A,A,0,26.0,4,128,13060,1297849073,25.5,26.0,67,85,5,8,42689134,2026-03-20 13:30:00+00:00,6375.0,50,ESH6 P6375,42140878,OPAFPS,6862.375,16,25.75,0.05560562323091743,put,0.2700939261464288,0.000449497189199685,-0.1170719923595296
86,42689135,2026-02-27 14:14:59.666267043+00:00,1,1,M,B,0,117.0,1,128,12573,1297849731,117.0,118.0,2,72,2,7,42689135,2026-03-20 13:30:00+00:00,6875.0,50,ESH6 P6875,42140878,OPAFPS,6862.375,85,117.5,0.05560562323091743,put,0.17228311481730121,0.0014275951465277078,-0.508896730103853
87,42723511,2026-02-27 14:14:59.446723261+00:00,1,1,M,B,0,465.0,5,128,14867,1297846949,465.0,467.5,5,5,1,1,42723511,2026-03-20 13:30:00+00:00,6425.0,50,ESH6 C6425,42140878,OCAFPS,6862.375,458,466.25,0.05560562323091743,call,0.26128487141695805,0.0005143645855931342,0.862488856744698
88,42723512,2026-02-27 14:14:59.446528293+00:00,1,1,C,N,0,138.0,1,128,16434,1297846243,137.0,138.5,61,79,7,10,42723512,2026-03-20 13:30:00+00:00,6825.0,50,ESH6 C6825,42140878,OCAFPS,6862.375,134,137.75,0.05560562323091743,call,0.1839326997330111,0.0013231011724797884,0.5575226901695839
89,42723513,2026-02-27 14:14:52.922750573+00:00,1,1,A,N,0,0.35,1,128,13480,1297811695,0.1,0.35,639,538,7,8,42723513,2026-03-20 13:30:00+00:00,7525.0,50,ESH6 C7525,42140878,OCAFPS,6862.375,0,0.22499999999999998,0.05560562323091743,call,0.14271374568857473,4.239928553535248e-05,0.0032356442859755043
90,42723578,2026-02-27 14:14:59.687538051+00:00,1,1,M,A,0,55.0,23,128,13158,1297849905,54.25,55.0,77,128,7,10,42723578,2026-03-20 13:30:00+00:00,6625.0,50,ESH6 P6625,42140878,OPAFPS,6862.375,36,54.625,0.05560562323091743,put,0.2257842808340675,0.0008601195032191204,-0.24527930681510982
91,42723579,2026-02-27 14:14:59.614537557+00:00,1,1,M,A,0,164.0,4,128,11586,1297848956,162.0,163.5,1,1,1,1,42723579,2026-03-20 13:30:00+00:00,6975.0,50,ESH6 P6975,42140878,OPAFPS,6862.375,123,162.75,0.05560562323091743,put,0.14827022319225985,0.0015008062309491868,-0.6715807939686445
92,42724143,2026-02-27 14:14:59.446528293+00:00,1,1,C,N,0,273.0,1,128,14895,1297846249,267.0,273.5,11,11,1,1,42724143,2026-03-20 13:30:00+00:00,7125.0,50,ESH6 P7125,42140878,OPAFPS,6862.375,223,270.25,0.05560562323091743,put,0.11882541206313411,0.0008591787339073802,-0.9057679176355063
93,42762467,2026-02-27 14:14:53.074936893+00:00,1,1,A,A,0,1.2,25,128,13197,1297814599,0.95,1.2,134,469,4,6,42762467,2026-03-20 13:30:00+00:00,7270.0,50,ESH6 C7270,42140878,OCAFPS,6862.375,1,1.075,0.05560562323091743,call,0.11397169032584412,0.0002216547041999424,0.016403962603463766
94,42762468,2026-02-27 14:14:59.446528293+00:00,1,1,C,N,0,425.0,1,128,14963,1297846250,412.5,425.5,5,5,1,1,42762468,2026-03-20 13:30:00+00:00,7280.0,50,ESH6 P7280,42140878,OPAFPS,6862.375,370,419.0,0.05560562323091743,put,0.13006542326794618,0.00030474498221890324,-0.9699906770314671
95,42764932,2026-02-27 14:14:59.446528293+00:00,1,1,C,N,0,335.0,1,128,14889,1297846241,332.5,335.0,6,6,1,1,42764932,2026-03-20 13:30:00+00:00,6575.0,50,ESH6 C6575,42140878,OCAFPS,6862.375,327,333.75,0.05560562323091743,call,0.23516078584203642,0.0007602043922019811,0.7862859142481429
96,42764933,2026-02-27 14:14:59.446636673+00:00,1,1,M,A,0,378.0,6,128,13261,1297846862,376.0,378.0,6,6,1,1,42764933,2026-03-20 13:30:00+00:00,6525.0,50,ESH6 C6525,42140878,OCAFPS,6862.375,370,377.0,0.05560562323091743,call,0.24406167402849907,0.0006694851133430111,0.8155157413505947
97,42764934,2026-02-27 14:14:59.707695889+00:00,1,1,M,B,0,19.2,15,128,12862,1297850159,19.2,19.6,78,104,5,8,42764934,2026-03-20 13:30:00+00:00,6275.0,50,ESH6 P6275,42140878,OPAFPS,6862.375,12,19.4,0.05560562323091743,put,0.28763095915333586,0.00034239847905976885,-0.08781879471634746
98,42764935,2026-02-27 14:14:59.497992695+00:00,1,1,A,B,0,29.5,1,128,12146,1297847981,29.5,30.0,160,1,8,1,42764935,2026-03-20 13:30:00+00:00,6425.0,50,ESH6 P6425,42140878,OPAFPS,6862.375,19,29.75,0.05560562323091743,put,0.2612168535196631,0.0005143455899824118,-0.13539707325248182
99,42764936,2026-02-27 14:14:59.619039943+00:00,1,1,A,A,0,40.5,1,128,13308,1297849064,40.0,40.5,58,2,5,2,42764936,2026-03-20 13:30:00+00:00,6525.0,50,ESH6 P6525,42140878,OPAFPS,6862.375,26,40.25,0.05560562323091743,put,0.2439017603472076,0.0006695873761529651,-0.18228213404761906
100,42764937,2026-02-27 14:14:59.618910405+00:00,1,1,A,A,0,74.25,3,128,16132,1297849047,73.5,74.25,73,6,7,4,42764937,2026-03-20 13:30:00+00:00,6725.0,50,ESH6 P6725,42140878,OPAFPS,6862.375,50,73.875,0.05560562323091743,put,0.2057085580870859,0.0010851125650593305,-0.3288827146048151
101,42764938,2026-02-27 14:14:59.446528293+00:00,1,1,C,N,0,432.5,1,128,14963,1297846250,396.5,433.0,121,121,1,1,42764938,2026-03-20 13:30:00+00:00,7275.0,50,ESH6 P7275,42140878,OPAFPS,6862.375,365,414.75,0.05560562323091743,put,0.13527980146399393,0.0003506270761180545,-0.9632125808534502
102,42764939,2026-02-27 14:14:59.446528293+00:00,1,1,C,N,0,682.0,1,128,14963,1297846250,646.0,682.5,120,120,1,1,42764939,2026-03-20 13:30:00+00:00,7525.0,50,ESH6 P7525,42140878,OPAFPS,6862.375,640,664.25,0.05560562323091743,put,0.19739536170655653,0.00018365240876638673,-0.9728232661319492
103,42804073,2026-02-27 14:14:53.312242919+00:00,1,1,M,B,0,602.5,10,128,15312,1297818002,602.5,610.0,10,10,1,1,42804073,2026-03-20 13:30:00+00:00,6275.0,50,ESH6 C6275,42140878,OCAFPS,6862.375,600,606.25,0.05560562323091743,call,0.2902556287960677,0.0003446564163692746,0.9082594407912987
104,42804074,2026-02-27 14:14:59.446528293+00:00,1,1,C,N,0,422.5,1,128,14889,1297846241,420.0,422.5,6,6,1,1,42804074,2026-03-20 13:30:00+00:00,6475.0,50,ESH6 C6475,42140878,OCAFPS,6862.375,414,421.25,0.05560562323091743,call,0.2528516998515783,0.0005876065240933272,0.840657996605282
105,42804075,2026-02-27 14:14:53.074936893+00:00,1,1,A,A,0,4.0,25,128,13197,1297814599,3.75,4.0,112,68,6,4,42804075,2026-03-20 13:30:00+00:00,7175.0,50,ESH6 C7175,42140878,OCAFPS,6862.375,4,3.875,0.05560562323091743,call,0.1143405645097942,0.0005618346454126098,0.050525004249341234
106,42804107,2026-02-27 14:14:59.619121807+00:00,1,1,A,A,0,22.5,4,128,13060,1297849073,22.0,22.5,225,55,9,6,42804107,2026-03-20 13:30:00+00:00,6325.0,50,ESH6 P6325,42140878,OPAFPS,6862.375,14,22.25,0.05560562323091743,put,0.2786156516829974,0.00039222020650860794,-0.10112318843356678
107,42804108,2026-02-27 14:14:59.619176487+00:00,1,1,A,A,0,35.0,4,128,14449,1297849078,34.25,35.0,170,198,8,11,42804108,2026-03-20 13:30:00+00:00,6475.0,50,ESH6 P6475,42140878,OPAFPS,6862.375,22,34.625,0.05560562323091743,put,0.2527330059288111,0.0005876205301597255,-0.15718006123484338
108,42804109,2026-02-27 14:14:59.446721617+00:00,1,1,M,A,0,194.5,5,128,15844,1297846945,192.0,194.5,5,5,1,1,42804109,2026-03-20 13:30:00+00:00,7025.0,50,ESH6 P7025,42140878,OPAFPS,6862.375,149,193.25,0.05560562323091743,put,0.1376198720097669,0.001393858614366396,-0.7581910701499731
109,42804110,2026-02-27 14:14:59.446528293+00:00,1,1,C,N,0,582.0,1,128,14963,1297846250,545.5,582.5,120,120,1,1,42804110,2026-03-20 13:30:00+00:00,7425.0,50,ESH6 P7425,42140878,OPAFPS,6862.375,514,564.0,0.05560562323091743,put,0.16869177227009458,0.00021321344499389183,-0.9730585023063462
110,42830779,2026-02-27 14:14:59.446528293+00:00,1,1,C,N,0,425.0,1,128,14963,1297846250,391.5,425.5,121,121,1,1,42830779,2026-03-20 13:30:00+00:00,7270.0,50,ESH6 P7270,42140878,OPAFPS,6862.375,360,408.5,0.05560562323091743,put,0.12219677930047723,0.0002790153389686693,-0.9745932140706833
111,42837006,2026-02-27 14:14:59.819499103+00:00,1,1,M,A,0,15.5,6,128,17180,1297850438,15.2,15.5,45,28,3,2,42837006,2026-03-20 13:30:00+00:00,6190.0,50,ESH6 P6190,42140878,OPAFPS,6862.375,10,15.35,0.05560562323091743,put,0.3024206565867986,0.0002714387724706435,-0.06907467942445138
112,42845853,2026-02-27 14:14:59.446528293+00:00,1,1,C,N,0,405.0,1,128,14963,1297846250,392.0,405.5,7,5,1,1,42845853,2026-03-20 13:30:00+00:00,7260.0,50,ESH6 P7260,42140878,OPAFPS,6862.375,349,398.75,0.05560562323091743,put,0.1221818733613835,0.0003063571725787786,-0.9718441153806627
113,42854868,2026-02-27 14:14:53.075137525+00:00,1,1,A,A,0,0.95,25,128,14530,1297814600,0.75,0.95,117,291,4,6,42854868,2026-03-20 13:30:00+00:00,7290.0,50,ESH6 C7290,42140878,OCAFPS,6862.375,1,0.85,0.05560562323091743,call,0.11480745095687363,0.00018257911476919343,0.013204277146676055
114,42857655,2026-02-27 14:14:53.074936893+00:00,1,1,A,A,0,1.65,25,128,13197,1297814599,1.4,1.65,299,490,8,9,42857655,2026-03-20 13:30:00+00:00,7240.0,50,ESH6 C7240,42140878,OCAFPS,6862.375,2,1.525,0.05560562323091743,call,0.11273782074368435,0.0002943385765455484,0.022611950119374526
115,42865916,2026-02-27 14:14:29.602284857+00:00,1,1,M,N,0,614.5,10,128,15107,1297686589,607.0,614.5,10,10,1,1,42865916,2026-03-20 13:30:00+00:00,6270.0,50,ESH6 C6270,42140878,OCAFPS,6862.375,606,610.75,0.05560562323091743,call,0.2903004160690377,0.0003393289194484227,0.9100984971894969
116,42865917,2026-02-27 14:14:59.446528293+00:00,1,1,C,N,0,501.5,1,128,13489,1297846240,495.0,502.0,11,11,1,1,42865917,2026-03-20 13:30:00+00:00,6390.0,50,ESH6 C6390,42140878,OCAFPS,6862.375,494,498.5,0.05560562323091743,call,0.268082897042584,0.00046841045798924565,0.8751302893019413
117,42865918,2026-02-27 14:14:59.678239129+00:00,1,1,M,A,0,57.5,3,128,11578,1297849863,56.75,57.5,65,41,6,7,42865918,2026-03-20 13:30:00+00:00,6640.0,50,ESH6 P6640,42140878,OPAFPS,6862.375,38,57.125,0.05560562323091743,put,0.22283428414001064,0.0008919815567601661,-0.25629197981895036
118,42865919,2026-02-27 14:14:59.618748729+00:00,1,1,A,A,0,141.0,4,128,13545,1297849024,139.0,141.0,27,27,4,4,42865919,2026-03-20 13:30:00+00:00,6930.0,50,ESH6 P6930,42140878,OPAFPS,6862.375,104,140.0,0.05560562323091743,put,0.1587174882827006,0.0015048885507205278,-0.5948868998368847
119,42865920,2026-02-27 14:14:59.446528293+00:00,1,1,C,N,0,192.0,1,128,14826,1297846248,186.0,192.5,13,13,1,1,42865920,2026-03-20 13:30:00+00:00,7020.0,50,ESH6 P7020,42140878,OPAFPS,6862.375,146,189.25,0.05560562323091743,put,0.13727461667230192,0.001417072935135523,-0.7518954568077577
120,42865921,2026-02-27 14:14:59.446747833+00:00,1,1,M,B,0,133.0,16,128,19871,1297846970,133.5,135.0,51,66,5,7,42865921,2026-03-20 13:30:00+00:00,6830.0,50,ESH6 C6830,42140878,OCAFPS,6862.375,130,134.25,0.05560562323091743,call,0.1826571178789505,0.0013353682943239341,0.5511065927086699
121,42865922,2026-02-27 14:14:59.889417261+00:00,1,1,M,B,0,169.0,1,128,14759,1297850520,169.0,170.5,3,46,3,6,42865922,2026-03-20 13:30:00+00:00,6780.0,50,ESH6 C6780,42140878,OCAFPS,6862.375,165,169.75,0.05560562323091743,call,0.19419757797113918,0.0012159084878672073,0.6115363355368915
122,42865923,2026-02-27 14:14:59.596381467+00:00,1,1,M,N,0,248.0,1,128,12446,1297848672,245.0,248.0,50,36,3,3,42865923,2026-03-20 13:30:00+00:00,6680.0,50,ESH6 C6680,42140878,OCAFPS,6862.375,242,246.5,0.05560562323091743,call,0.21500449737882063,0.0009800676410319927,0.7096467925281889
123,42865924,2026-02-27 14:14:59.619250269+00:00,1,1,A,B,0,13.5,6,128,13149,1297849087,13.5,13.9,45,42,5,4,42865924,2026-03-20 13:30:00+00:00,7090.0,50,ESH6 C7090,42140878,OCAFPS,6862.375,14,13.7,0.05560562323091743,call,0.12448287022591724,0.0010828418616640172,0.13604456099279927
124,42865925,2026-02-27 14:14:59.993384955+00:00,1,1,M,A,0,48.5,4,128,14806,1297850628,47.75,48.5,71,78,6,6,42865925,2026-03-20 13:30:00+00:00,6980.0,50,ESH6 C6980,42140878,OCAFPS,6862.375,47,48.125,0.05560562323091743,call,0.14709077057585448,0.0014958504510256805,0.3175793398941585
125,42865926,2026-02-27 14:14:55.150667053+00:00,1,1,M,A,0,5.0,25,128,12765,1297831905,4.75,5.0,91,64,5,4,42865926,2026-03-20 13:30:00+00:00,7160.0,50,ESH6 C7160,42140878,OCAFPS,6862.375,5,4.875,0.05560562323091743,call,0.11549612825759688,0.0006454975774695449,0.061014171167393
126,42865927,2026-02-27 14:14:59.686439147+00:00,1,1,M,A,0,96.25,7,128,12500,1297849904,95.25,96.25,57,35,6,6,42865927,2026-03-20 13:30:00+00:00,6810.0,50,ESH6 P6810,42140878,OPAFPS,6862.375,68,95.75,0.05560562323091743,put,0.18711561991070674,0.0012899009971439777,-0.42155470797531847
127,42865928,2026-02-27 14:14:59.446528293+00:00,1,1,C,N,0,228.0,1,128,14826,1297846248,222.0,228.5,11,11,1,1,42865928,2026-03-20 13:30:00+00:00,7070.0,50,ESH6 P7070,42140878,OPAFPS,6862.375,180,225.25,0.05560562323091743,put,0.12838162442350268,0.0011978356976915425,-0.8321261025771202
128,42868330,2026-02-27 14:14:59.992643269+00:00,1,1,M,A,0,53.0,4,128,13235,1297850626,52.25,53.0,52,69,3,5,42868330,2026-03-20 13:30:00+00:00,6970.0,50,ESH6 C6970,42140878,OCAFPS,6862.375,51,52.625,0.05560562323091743,call,0.14942745784932362,0.0015049116518016533,0.33508592389965014
129,42868331,2026-02-27 14:14:59.619133769+00:00,1,1,A,A,0,23.5,1,128,14751,1297849074,23.0,23.5,123,2,5,2,42868331,2026-03-20 13:30:00+00:00,6340.0,50,ESH6 P6340,42140878,OPAFPS,6862.375,14,23.25,0.05560562323091743,put,0.27609023656621867,0.00040865720353737927,-0.10567471910099518
130,42868332,2026-02-27 14:14:59.707753353+00:00,1,1,M,A,0,19.4,6,128,11454,1297850160,18.9,19.4,45,114,4,7,42868332,2026-03-20 13:30:00+00:00,6270.0,50,ESH6 P6270,42140878,OPAFPS,6862.375,12,19.15,0.05560562323091743,put,0.2885760300601749,0.0003378192825840953,-0.08662879615675166
131,42868333,2026-02-27 14:14:59.446528293+00:00,1,1,C,N,0,305.0,1,128,14895,1297846249,298.0,305.5,10,10,1,1,42868333,2026-03-20 13:30:00+00:00,7160.0,50,ESH6 P7160,42140878,OPAFPS,6862.375,254,301.75,0.05560562323091743,put,0.11478237380244175,0.0006397408921921987,-0.9381012637787488
132,42868334,2026-02-27 14:14:59.479859913+00:00,1,1,A,B,0,113.5,17,128,13273,1297847727,113.5,115.0,85,63,8,8,42868334,2026-03-20 13:30:00+00:00,6860.0,50,ESH6 C6860,42140878,OCAFPS,6862.375,111,114.25,0.05560562323091743,call,0.17553696742388936,0.001400976289371531,0.5105397842123979
133,42868335,2026-02-27 14:14:59.672891863+00:00,1,1,M,B,0,83.25,12,128,14170,1297849785,83.25,84.25,60,74,6,8,42868335,2026-03-20 13:30:00+00:00,6910.0,50,ESH6 C6910,42140878,OCAFPS,6862.375,81,83.75,0.05560562323091743,call,0.16369647986983638,0.001483862542243951,0.43559581260099667
134,42868336,2026-02-27 14:14:59.619039943+00:00,1,1,A,A,0,42.5,3,128,13308,1297849064,41.75,42.5,133,43,6,5,42868336,2026-03-20 13:30:00+00:00,6540.0,50,ESH6 P6540,42140878,OPAFPS,6862.375,27,42.125,0.05560562323091743,put,0.24123407770733604,0.000695917875525487,-0.19058591212984224
135,42868337,2026-02-27 14:14:59.619039943+00:00,1,1,A,A,0,40.0,3,128,13308,1297849064,39.25,40.0,132,44,6,5,42868337,2026-03-20 13:30:00+00:00,6520.0,50,ESH6 P6520,42140878,OPAFPS,6862.375,25,39.625,0.05560562323091743,put,0.2447412493617433,0.0006610168609193444,-0.17955311628857157
136,42868338,2026-02-27 14:14:59.598095149+00:00,1,1,M,A,0,96.0,27,128,16040,1297848698,95.0,96.0,48,57,5,7,42868338,2026-03-20 13:30:00+00:00,6890.0,50,ESH6 C6890,42140878,OCAFPS,6862.375,92,95.5,0.05560562323091743,call,0.16844118360978158,0.001455793187834195,0.4666462650652173
137,42868519,2026-02-27 14:14:59.619121807+00:00,1,1,A,A,0,25.0,4,128,13060,1297849073,24.25,25.0,178,158,6,8,42868519,2026-03-20 13:30:00+00:00,6360.0,50,ESH6 P6360,42140878,OPAFPS,6862.375,15,24.625,0.05560562323091743,put,0.2726037454985993,0.00043150737733865834,-0.11198692160118645
138,42868520,2026-02-27 14:14:59.446528293+00:00,1,1,C,N,0,336.5,1,128,14895,1297846249,304.5,337.0,126,126,1,1,42868520,2026-03-20 13:30:00+00:00,7180.0,50,ESH6 P7180,42140878,OPAFPS,6862.375,272,320.75,0.05560562323091743,put,0.11517203985852646,0.0005454127190410212,-0.9488202141272243
139,42868521,2026-02-27 14:14:52.780456569+00:00,1,1,M,N,0,653.0,10,128,14695,1297809675,645.5,653.0,10,10,1,1,42868521,2026-03-20 13:30:00+00:00,6230.0,50,ESH6 C6230,42140878,OCAFPS,6862.375,643,649.25,0.05560562323091743,call,0.29988659771854415,0.00030683628567171507,0.9177242302474131
140,42868522,2026-02-27 14:14:59.446528293+00:00,1,1,C,N,0,278.0,1,128,14895,1297846249,271.5,278.5,10,10,1,1,42868522,2026-03-20 13:30:00+00:00,7130.0,50,ESH6 P7130,42140878,OPAFPS,6862.375,228,275.0,0.05560562323091743,put,0.11955079561046457,0.0008351802942470645,-0.9084909061748004
141,42868523,2026-02-27 14:14:59.698690253+00:00,1,1,M,A,0,106.0,4,128,14814,1297850023,104.5,106.0,29,77,5,6,42868523,2026-03-20 13:30:00+00:00,6840.0,50,ESH6 P6840,42140878,OPAFPS,6862.375,75,105.25,0.05560562323091743,put,0.18047708394872583,0.0013566706437374806,-0.4600115888260095
142,42868524,2026-02-27 14:14:59.446528293+00:00,1,1,C,N,0,456.0,1,128,14889,1297846241,449.5,456.5,11,11,1,1,42868524,2026-03-20 13:30:00+00:00,6440.0,50,ESH6 C6440,42140878,OCAFPS,6862.375,448,453.0,0.05560562323091743,call,0.25967762139002376,0.0005356134883090175,0.8554843469334217
143,42868525,2026-02-27 14:14:52.784972103+00:00,1,1,M,B,0,569.5,11,128,14449,1297810173,569.5,577.0,11,11,1,1,42868525,2026-03-20 13:30:00+00:00,6310.0,50,ESH6 C6310,42140878,OCAFPS,6862.375,568,573.25,0.05560562323091743,call,0.28369475239792674,0.00037841470023914416,0.8992526800958999
144,42868526,2026-02-27 14:14:59.446528293+00:00,1,1,C,N,0,465.0,1,128,13489,1297846240,458.5,465.5,11,11,1,1,42868526,2026-03-20 13:30:00+00:00,6430.0,50,ESH6 C6430,42140878,OCAFPS,6862.375,457,462.0,0.05560562323091743,call,0.26124508312875067,0.0005215052663944496,0.859758386232998
145,42868948,2026-02-27 14:14:59.446528293+00:00,1,1,C,N,0,483.0,1,128,13489,1297846240,477.0,483.5,11,11,1,1,42868948,2026-03-20 13:30:00+00:00,6410.0,50,ESH6 C6410,42140878,OCAFPS,6862.375,474,480.25,0.05560562323091743,call,0.2648289963576336,0.000494374669003325,0.8675425469946344
146,42868949,2026-02-27 14:14:59.446528293+00:00,1,1,C,N,0,220.0,1,128,14826,1297846248,214.5,220.5,12,12,1,1,42868949,2026-03-20 13:30:00+00:00,7060.0,50,ESH6 P7060,42140878,OPAFPS,6862.375,174,217.5,0.05560562323091743,put,0.12977243578809863,0.0012502553550315938,-0.817558489510568
147,42869014,2026-02-27 14:14:59.446528293+00:00,1,1,C,N,0,331.0,1,128,14607,1297846242,328.0,331.0,3,2,1,1,42869014,2026-03-20 13:30:00+00:00,6580.0,50,ESH6 C6580,42140878,OCAFPS,6862.375,324,329.5,0.05560562323091743,call,0.23429153689262353,0.0007697152408236345,0.7830899303188563
148,42874357,2026-02-27 14:14:53.074936893+00:00,1,1,A,A,0,2.4,25,128,13197,1297814599,2.15,2.4,143,119,6,5,42874357,2026-03-20 13:30:00+00:00,7210.0,50,ESH6 C7210,42140878,OCAFPS,6862.375,2,2.275,0.05560562323091743,call,0.11257407301529496,0.0003960752002262586,0.03221803192197826
149,42874358,2026-02-27 14:14:53.074936893+00:00,1,1,A,A,0,2.1,25,128,13197,1297814599,1.9,2.1,139,112,6,5,42874358,2026-03-20 13:30:00+00:00,7220.0,50,ESH6 C7220,42140878,OCAFPS,6862.375,2,2.0,0.05560562323091743,call,0.11267906158698024,0.00036004195171118416,0.028746175577844854
150,42874359,2026-02-27 14:14:53.074936893+00:00,1,1,A,A,0,3.25,25,128,13197,1297814599,2.95,3.25,102,231,5,8,42874359,2026-03-20 13:30:00+00:00,7190.0,50,ESH6 C7190,42140878,OCAFPS,6862.375,3,3.1,0.05560562323091743,call,0.11356371494534645,0.0004866550878700804,0.041893059800224966
151,42874360,2026-02-27 14:14:59.992290275+00:00,1,1,M,B,0,81.75,4,128,14558,1297850621,81.75,82.75,61,92,6,8,42874360,2026-03-20 13:30:00+00:00,6760.0,50,ESH6 P6760,42140878,OPAFPS,6862.375,57,82.25,0.05560562323091743,put,0.19838283306503215,0.0011686340636213096,-0.36441172330296534
152,42874361,2026-02-27 14:14:59.618901267+00:00,1,1,A,A,0,87.75,1,128,13417,1297849045,86.75,87.75,58,22,7,3,42874361,2026-03-20 13:30:00+00:00,6780.0,50,ESH6 P6780,42140878,OPAFPS,6862.375,61,87.25,0.05560562323091743,put,0.1937215616792059,0.0012186892690505045,-0.3861822305060634
153,42874362,2026-02-27 14:14:52.779894413+00:00,1,1,M,N,0,549.0,11,128,14523,1297809471,542.0,549.0,11,11,1,1,42874362,2026-03-20 13:30:00+00:00,6340.0,50,ESH6 C6340,42140878,OCAFPS,6862.375,540,545.5,0.05560562323091743,call,0.2792741190779168,0.00041082325326590184,0.8897864235233437
154,42874363,2026-02-27 14:14:59.618991675+00:00,1,1,A,A,0,48.0,4,128,11762,1297849057,47.25,48.0,60,40,4,5,42874363,2026-03-20 13:30:00+00:00,6580.0,50,ESH6 P6580,42140878,OPAFPS,6862.375,31,47.625,0.05560562323091743,put,0.23412132297613714,0.000769951292547356,-0.21469930333353593
155,42874364,2026-02-27 14:14:59.819499103+00:00,1,1,M,A,0,16.4,6,128,17180,1297850438,16.0,16.4,197,29,5,3,42874364,2026-03-20 13:30:00+00:00,6210.0,50,ESH6 P6210,42140878,OPAFPS,6862.375,10,16.2,0.05560562323091743,put,0.29889966904799536,0.0002866353831537453,-0.07303095855171952
156,42874365,2026-02-27 14:14:59.619176487+00:00,1,1,A,A,0,34.5,4,128,14449,1297849078,33.75,34.5,154,47,6,5,42874365,2026-03-20 13:30:00+00:00,6470.0,50,ESH6 P6470,42140878,OPAFPS,6862.375,22,34.125,0.05560562323091743,put,0.2536470132763399,0.0005799088342244736,-0.1549055407149266
157,42874366,2026-02-27 14:14:59.698690253+00:00,1,1,M,B,0,221.5,4,128,14814,1297850023,221.5,223.5,47,2,5,2,42874366,2026-03-20 13:30:00+00:00,6710.0,50,ESH6 C6710,42140878,OCAFPS,6862.375,218,222.5,0.05560562323091743,call,0.20856293538070295,0.001050684173308278,0.6833921441025038
158,42874367,2026-02-27 14:14:59.619133769+00:00,1,1,A,A,0,23.0,4,128,14751,1297849074,22.25,23.0,189,180,7,9,42874367,2026-03-20 13:30:00+00:00,6330.0,50,ESH6 P6330,42140878,OPAFPS,6862.375,14,22.625,0.05560562323091743,put,0.2779365226344126,0.0003977490259043444,-0.10274248065976721
159,42874368,2026-02-27 14:14:59.446528293+00:00,1,1,C,N,0,411.0,1,128,14889,1297846241,405.0,411.5,11,11,1,1,42874368,2026-03-20 13:30:00+00:00,6490.0,50,ESH6 C6490,42140878,OCAFPS,6862.375,402,408.25,0.05560562323091743,call,0.2511478413372739,0.000610994447255823,0.8326765702322332
160,42874369,2026-02-27 14:14:59.640655173+00:00,1,1,M,A,0,77.75,6,128,14315,1297849341,76.75,77.75,73,38,7,6,42874369,2026-03-20 13:30:00+00:00,6740.0,50,ESH6 P6740,42140878,OPAFPS,6862.375,53,77.25,0.05560562323091743,put,0.20242966970179935,0.00112156003801329,-0.34356895835356455
161,42874370,2026-02-27 14:14:59.446528293+00:00,1,1,C,N,0,269.0,1,128,14895,1297846249,262.5,269.5,11,11,1,1,42874370,2026-03-20 13:30:00+00:00,7120.0,50,ESH6 P7120,42140878,OPAFPS,6862.375,219,266.0,0.05560562323091743,put,0.11987246175554883,0.0008935140015920821,-0.8995622444599355
162,42874371,2026-02-27 14:14:59.446528293+00:00,1,1,C,N,0,185.0,1,128,16434,1297846243,183.5,185.0,39,3,5,3,42874371,2026-03-20 13:30:00+00:00,6760.0,50,ESH6 C6760,42140878,OCAFPS,6862.375,180,184.25,0.05560562323091743,call,0.19811170025404376,0.001170068872877767,0.6336859495990135
163,42874372,2026-02-27 14:14:59.698690253+00:00,1,1,M,B,0,206.0,4,128,14814,1297850023,206.0,208.0,53,2,5,2,42874372,2026-03-20 13:30:00+00:00,6730.0,50,ESH6 C6730,42140878,OCAFPS,6862.375,202,207.0,0.05560562323091743,call,0.20447580855482653,0.0010978616648094892,0.6643361565983821
164,42874373,2026-02-27 14:14:59.618961053+00:00,1,1,A,A,0,120.0,4,128,12836,1297849053,118.5,120.0,26,60,4,5,42874373,2026-03-20 13:30:00+00:00,6880.0,50,ESH6 P6880,42140878,OPAFPS,6862.375,86,119.25,0.05560562323091743,put,0.17089565030096554,0.0014382712478079032,-0.5162859982900684
165,42874374,2026-02-27 14:14:59.446528293+00:00,1,1,C,N,0,420.0,1,128,14889,1297846241,413.5,420.5,11,11,1,1,42874374,2026-03-20 13:30:00+00:00,6480.0,50,ESH6 C6480,42140878,OCAFPS,6862.375,410,417.0,0.05560562323091743,call,0.2525246656985616,0.0005953044622255561,0.8378188873470174
166,42874375,2026-02-27 14:14:52.783583753+00:00,1,1,M,A,0,521.0,11,128,14505,1297810097,513.5,521.0,11,11,1,1,42874375,2026-03-20 13:30:00+00:00,6370.0,50,ESH6 C6370,42140878,OCAFPS,6862.375,512,517.25,0.05560562323091743,call,0.27257091921819604,0.0004443603040787181,0.8812628244346129
167,42874376,2026-02-27 14:14:53.306705869+00:00,1,1,M,B,0,560.5,11,128,16140,1297817988,560.5,567.5,11,11,1,1,42874376,2026-03-20 13:30:00+00:00,6320.0,50,ESH6 C6320,42140878,OCAFPS,6862.375,558,564.0,0.05560562323091743,call,0.28230442618343127,0.0003890218890375906,0.8961295928737941
168,42874377,2026-02-27 14:14:59.597126413+00:00,1,1,M,A,0,280.5,38,128,16421,1297848687,277.5,280.5,41,40,2,2,42874377,2026-03-20 13:30:00+00:00,6640.0,50,ESH6 C6640,42140878,OCAFPS,6862.375,274,279.0,0.05560562323091743,call,0.22275175034819017,0.000892182328873963,0.7417243032736607
169,42874378,2026-02-27 14:14:59.446528293+00:00,1,1,C,N,0,348.0,1,128,14889,1297846241,345.0,348.5,3,2,1,1,42874378,2026-03-20 13:30:00+00:00,6560.0,50,ESH6 C6560,42140878,OCAFPS,6862.375,340,346.75,0.05560562323091743,call,0.2381518856131064,0.0007317332214488441,0.7952364065290966
170,42874379,2026-02-27 14:14:59.992643269+00:00,1,1,M,A,0,73.0,4,128,13235,1297850626,72.25,73.0,36,34,3,6,42874379,2026-03-20 13:30:00+00:00,6930.0,50,ESH6 C6930,42140878,OCAFPS,6862.375,70,72.625,0.05560562323091743,call,0.15889496932503408,0.0015033222497508058,0.4031790153447968
171,42886163,2026-02-27 14:14:53.074936893+00:00,1,1,A,A,0,1.85,25,128,13197,1297814599,1.65,1.85,110,128,5,6,42886163,2026-03-20 13:30:00+00:00,7230.0,50,ESH6 C7230,42140878,OCAFPS,6862.375,2,1.75,0.05560562323091743,call,0.1127282517079604,0.00032610139771539136,0.02554284855775917
172,42886213,2026-02-27 14:14:59.618975203+00:00,1,1,A,A,0,102.5,4,128,12955,1297849055,101.5,102.5,21,61,2,7,42886213,2026-03-20 13:30:00+00:00,6830.0,50,ESH6 P6830,42140878,OPAFPS,6862.375,72,102.0,0.05560562323091743,put,0.18274864534695245,0.001334707236584269,-0.4468555585983222
173,42886214,2026-02-27 14:14:59.749595671+00:00,1,1,M,N,0,63.0,22,128,19959,1297850288,62.25,63.0,70,122,5,10,42886214,2026-03-20 13:30:00+00:00,6670.0,50,ESH6 P6670,42140878,OPAFPS,6862.375,42,62.625,0.05560562323091743,put,0.21708767957226607,0.0009572766179737782,-0.28003057695776534
174,42886215,2026-02-27 14:14:59.749595671+00:00,1,1,M,A,0,30.75,30,128,19959,1297850288,29.75,30.75,201,245,10,10,42886215,2026-03-20 13:30:00+00:00,6430.0,50,ESH6 P6430,42140878,OPAFPS,6862.375,19,30.25,0.05560562323091743,put,0.2605048760339667,0.0005213303409846489,-0.13754480220249723
175,42886216,2026-02-27 14:14:59.648965987+00:00,1,1,M,A,0,29.0,4,128,13847,1297849528,28.0,29.0,210,225,8,9,42886216,2026-03-20 13:30:00+00:00,6410.0,50,ESH6 P6410,42140878,OPAFPS,6862.375,18,28.5,0.05560562323091743,put,0.26393826647365826,0.0004940491157690194,-0.1296451657958254
176,42886217,2026-02-27 14:14:30.051379433+00:00,1,1,M,N,0,558.0,11,128,12844,1297690234,551.0,558.0,11,11,1,1,42886217,2026-03-20 13:30:00+00:00,6330.0,50,ESH6 C6330,42140878,OCAFPS,6862.375,549,554.5,0.05560562323091743,call,0.2799777744267128,0.00039922448069807233,0.893629616379791
177,42886218,2026-02-27 14:14:59.992643269+00:00,1,1,M,B,0,21.75,4,128,13235,1297850626,21.75,22.25,48,29,4,5,42886218,2026-03-20 13:30:00+00:00,6320.0,50,ESH6 P6320,42140878,OPAFPS,6862.375,14,22.0,0.05560562323091743,put,0.2797138878333918,0.0003870801117006747,-0.0998477358308574
178,42886219,2026-02-27 14:14:59.698690253+00:00,1,1,M,A,0,19.9,6,128,14814,1297850023,19.4,19.9,137,26,6,5,42886219,2026-03-20 13:30:00+00:00,6280.0,50,ESH6 P6280,42140878,OPAFPS,6862.375,12,19.65,0.05560562323091743,put,0.286670989212361,0.00034702934217152793,-0.08901658242247391
179,42886220,2026-02-27 14:14:59.619059315+00:00,1,1,A,A,0,64.75,2,128,14565,1297849066,64.0,64.75,60,3,5,2,42886220,2026-03-20 13:30:00+00:00,6680.0,50,ESH6 P6680,42140878,OPAFPS,6862.375,43,64.375,0.05560562323091743,put,0.21477822770624577,0.0009808089633287426,-0.28811618778284087
180,42886221,2026-02-27 14:14:59.642580947+00:00,1,1,M,A,0,73.25,4,128,13173,1297849380,72.25,73.25,60,76,6,7,42886221,2026-03-20 13:30:00+00:00,6720.0,50,ESH6 P6720,42140878,OPAFPS,6862.375,50,72.75,0.05560562323091743,put,0.20673104384941893,0.0010733266199695105,-0.32408711182484345
181,42886222,2026-02-27 14:14:59.709433895+00:00,1,1,M,A,0,75.5,19,128,13133,1297850175,74.5,75.5,63,95,6,8,42886222,2026-03-20 13:30:00+00:00,6730.0,50,ESH6 P6730,42140878,OPAFPS,6862.375,51,75.0,0.05560562323091743,put,0.20465089682866985,0.0010970749454654993,-0.3337266103535236
182,42886223,2026-02-27 14:14:59.992402339+00:00,1,1,M,B,0,164.5,4,128,12728,1297850623,164.5,166.5,13,13,2,2,42886223,2026-03-20 13:30:00+00:00,6980.0,50,ESH6 P6980,42140878,OPAFPS,6862.375,125,165.5,0.05560562323091743,put,0.14707645807988864,0.001495961107659297,-0.6803829448166968
183,42886224,2026-02-27 14:14:59.487841827+00:00,1,1,M,B,0,147.0,4,128,11119,1297847826,147.5,149.0,27,66,3,7,42886224,2026-03-20 13:30:00+00:00,6810.0,50,ESH6 C6810,42140878,OCAFPS,6862.375,144,148.25,0.05560562323091743,call,0.18748370554409605,0.0012874434391348785,0.5762737998671701
184,42886225,2026-02-27 14:14:59.572842803+00:00,1,1,M,A,0,177.5,1,128,16363,1297848621,176.0,177.5,41,3,5,3,42886225,2026-03-20 13:30:00+00:00,6770.0,50,ESH6 C6770,42140878,OCAFPS,6862.375,172,176.75,0.05560562323091743,call,0.19582778177746013,0.0011949401327980608,0.6229335892273833
185,42886226,2026-02-27 14:14:59.596381467+00:00,1,1,M,N,0,256.0,1,128,12446,1297848672,253.0,256.0,48,37,4,4,42886226,2026-03-20 13:30:00+00:00,6670.0,50,ESH6 C6670,42140878,OCAFPS,6862.375,250,254.5,0.05560562323091743,call,0.21689541260201345,0.0009578636386787698,0.7180720622081663
186,42886227,2026-02-27 14:14:59.618848411+00:00,1,1,A,A,0,90.5,4,128,13321,1297849038,89.5,90.5,56,29,6,5,42886227,2026-03-20 13:30:00+00:00,6790.0,50,ESH6 P6790,42140878,OPAFPS,6862.375,63,90.0,0.05560562323091743,put,0.19155624459483783,0.001242537347206225,-0.39765077491338024
187,42886228,2026-02-27 14:14:59.446528293+00:00,1,1,C,N,0,474.0,1,128,13489,1297846240,468.0,474.5,11,11,1,1,42886228,2026-03-20 13:30:00+00:00,6420.0,50,ESH6 C6420,42140878,OCAFPS,6862.375,466,471.25,0.05560562323091743,call,0.26343433942456307,0.0005078883339357836,0.8633708115046318
188,42886229,2026-02-27 14:14:59.446528293+00:00,1,1,C,N,0,322.0,1,128,14607,1297846242,319.5,322.5,3,2,1,1,42886229,2026-03-20 13:30:00+00:00,6590.0,50,ESH6 C6590,42140878,OCAFPS,6862.375,315,321.0,0.05560562323091743,call,0.2324719261810282,0.0007890955760336423,0.7766251111886779
189,42886230,2026-02-27 14:14:59.675597971+00:00,1,1,M,A,0,67.75,4,128,14417,1297849826,67.0,67.75,29,71,2,7,42886230,2026-03-20 13:30:00+00:00,6940.0,50,ESH6 C6940,42140878,OCAFPS,6862.375,65,67.375,0.05560562323091743,call,0.15657479752093872,0.001508257889930891,0.3865704757746256
190,42886231,2026-02-27 14:14:59.626965699+00:00,1,1,M,B,0,10.2,5,128,12996,1297849192,10.2,10.5,26,51,3,4,42886231,2026-03-20 13:30:00+00:00,7110.0,50,ESH6 C7110,42140878,OCAFPS,6862.375,10,10.35,0.05560562323091743,call,0.12142156231395017,0.0009582833371411468,0.11029573386062624
191,42886232,2026-02-27 14:14:59.547981525+00:00,1,1,A,B,0,9.6,21,128,19174,1297848567,8.8,9.2,43,52,3,4,42886232,2026-03-20 13:30:00+00:00,7120.0,50,ESH6 C7120,42140878,OCAFPS,6862.375,9,9.0,0.05560562323091743,call,0.1202121612753301,0.0008952726934806511,0.09902952567283234
192,42887172,2026-02-27 14:14:58.609893191+00:00,1,1,M,A,0,4.35,29,128,14736,1297842469,4.05,4.35,81,125,5,7,42887172,2026-03-20 13:30:00+00:00,7170.0,50,ESH6 C7170,42140878,OCAFPS,6862.375,4,4.199999999999999,0.05560562323091743,call,0.1147917180863853,0.0005897394168275103,0.05397257999253163
193,42887173,2026-02-27 14:14:59.619311091+00:00,1,1,A,A,0,18.8,6,128,14643,1297849093,18.4,18.8,37,26,3,5,42887173,2026-03-20 13:30:00+00:00,6260.0,50,ESH6 P6260,42140878,OPAFPS,6862.375,11,18.6,0.05560562323091743,put,0.29022063029360323,0.00032862919850563867,-0.08413220641003871
194,42887174,2026-02-27 14:14:59.645871537+00:00,1,1,M,A,0,85.25,4,128,14147,1297849454,84.25,85.25,50,68,4,7,42887174,2026-03-20 13:30:00+00:00,6770.0,50,ESH6 P6770,42140878,OPAFPS,6862.375,59,84.75,0.05560562323091743,put,0.19612990838513056,0.0011932566086859302,-0.3751688320691833
195,42887175,2026-02-27 14:14:59.446528293+00:00,1,1,C,N,0,205.5,1,128,14826,1297846248,199.5,206.0,12,12,1,1,42887175,2026-03-20 13:30:00+00:00,7040.0,50,ESH6 P7040,42140878,OPAFPS,6862.375,160,202.75,0.05560562323091743,put,0.1330378442253314,0.0013440546747782434,-0.7862051609999984
196,42887176,2026-02-27 14:14:59.618724883+00:00,1,1,A,A,0,136.5,4,128,13386,1297849020,134.5,136.5,27,27,4,4,42887176,2026-03-20 13:30:00+00:00,6920.0,50,ESH6 P6920,42140878,OPAFPS,6862.375,100,135.5,0.05560562323091743,put,0.1611239484210517,0.0014963789591499238,-0.5784954985960248
197,42887177,2026-02-27 14:14:59.446528293+00:00,1,1,C,N,0,391.5,1,128,14889,1297846241,388.5,392.0,3,2,1,1,42887177,2026-03-20 13:30:00+00:00,6510.0,50,ESH6 C6510,42140878,OCAFPS,6862.375,384,390.25,0.05560562323091743,call,0.24688323088390596,0.0006439096516164781,0.8233027391975063
198,42887178,2026-02-27 14:14:59.618983517+00:00,1,1,A,A,0,45.25,4,128,14402,1297849056,44.25,45.25,139,123,7,8,42887178,2026-03-20 13:30:00+00:00,6560.0,50,ESH6 P6560,42140878,OPAFPS,6862.375,29,44.75,0.05560562323091743,put,0.2376113728614489,0.000732324410461292,-0.20221189740268541
199,42887179,2026-02-27 14:14:59.619146057+00:00,1,1,A,A,0,27.25,4,128,13194,1297849075,26.5,27.25,188,144,7,6,42887179,2026-03-20 13:30:00+00:00,6390.0,50,ESH6 P6390,42140878,OPAFPS,6862.375,17,26.875,0.05560562323091743,put,0.26741012770982,0.0004680869012333344,-0.12225467100205345
200,42887180,2026-02-27 14:14:59.619300687+00:00,1,1,A,A,0,17.8,6,128,12934,1297849092,17.4,17.8,43,45,3,5,42887180,2026-03-20 13:30:00+00:00,6240.0,50,ESH6 P6240,42140878,OPAFPS,6862.375,11,17.6,0.05560562323091743,put,0.2937135660233935,0.0003111584251471846,-0.07950100034138646
201,42887181,2026-02-27 14:14:29.602284857+00:00,1,1,M,N,0,605.0,10,128,15107,1297686589,597.5,605.0,10,10,1,1,42887181,2026-03-20 13:30:00+00:00,6280.0,50,ESH6 C6280,42140878,OCAFPS,6862.375,596,601.25,0.05560562323091743,call,0.2882829511003052,0.0003484142946852448,0.9077722640204179
202,42887182,2026-02-27 14:14:57.987012025+00:00,1,1,M,A,0,3.75,31,128,10508,1297840915,3.45,3.75,96,230,5,8,42887182,2026-03-20 13:30:00+00:00,7180.0,50,ESH6 C7180,42140878,OCAFPS,6862.375,4,3.6,0.05560562323091743,call,0.11407657995887718,0.0005361000232600016,0.0475068694545504
203,42887183,2026-02-27 14:14:59.446528293+00:00,1,1,C,N,0,346.5,1,128,14895,1297846249,314.5,347.0,125,125,1,1,42887183,2026-03-20 13:30:00+00:00,7190.0,50,ESH6 P7190,42140878,OPAFPS,6862.375,281,330.75,0.05560562323091743,put,0.11811308039302222,0.000524708394713141,-0.9496421495516543
204,42887184,2026-02-27 14:14:30.051687985+00:00,1,1,M,N,0,643.0,10,128,13302,1297690243,635.5,643.0,10,10,1,1,42887184,2026-03-20 13:30:00+00:00,6240.0,50,ESH6 C6240,42140878,OCAFPS,6862.375,634,639.25,0.05560562323091743,call,0.29601228082789144,0.0003132723097783513,0.916896043341952
205,42887185,2026-02-27 14:14:59.446528293+00:00,1,1,C,N,0,438.0,1,128,14889,1297846241,431.5,438.5,11,11,1,1,42887185,2026-03-20 13:30:00+00:00,6460.0,50,ESH6 C6460,42140878,OCAFPS,6862.375,430,435.0,0.05560562323091743,call,0.2562736935266578,0.0005647603417603437,0.846773612173202
206,42887186,2026-02-27 14:14:59.446528293+00:00,1,1,C,N,0,429.0,1,128,14889,1297846241,422.5,429.5,11,11,1,1,42887186,2026-03-20 13:30:00+00:00,6470.0,50,ESH6 C6470,42140878,OCAFPS,6862.375,421,426.0,0.05560562323091743,call,0.2544414143489211,0.0005798454982696981,0.8423288531522878
207,42887187,2026-02-27 14:14:59.446528293+00:00,1,1,C,N,0,243.5,1,128,14826,1297846248,237.5,244.0,11,11,1,1,42887187,2026-03-20 13:30:00+00:00,7090.0,50,ESH6 P7090,42140878,OPAFPS,6862.375,194,240.75,0.05560562323091743,put,0.12417880752567399,0.0010822101953953704,-0.8625007949528102
208,42887188,2026-02-27 14:14:59.480076363+00:00,1,1,A,B,0,127.0,16,128,15435,1297847738,127.0,128.0,42,48,3,6,42887188,2026-03-20 13:30:00+00:00,6840.0,50,ESH6 C6840,42140878,OCAFPS,6862.375,124,127.5,0.05560562323091743,call,0.1803538488948481,0.0013575926062729142,0.5379481368127415
209,42887189,2026-02-27 14:14:59.640655173+00:00,1,1,M,B,0,35.75,3,128,14315,1297849341,35.75,36.5,11,104,3,9,42887189,2026-03-20 13:30:00+00:00,7010.0,50,ESH6 C7010,42140878,OCAFPS,6862.375,35,36.125,0.05560562323091743,call,0.14059015205716807,0.0014390872723544278,0.26529707287943477
210,42887190,2026-02-27 14:14:59.659827113+00:00,1,1,M,A,0,78.5,5,128,14365,1297849685,77.75,78.5,31,62,2,7,42887190,2026-03-20 13:30:00+00:00,6920.0,50,ESH6 C6920,42140878,OCAFPS,6862.375,75,78.125,0.05560562323091743,call,0.16133232716954285,0.0014945389629880273,0.41956970684842027
211,42887191,2026-02-27 14:14:59.618961053+00:00,1,1,A,A,0,116.0,4,128,12836,1297849053,115.0,116.0,22,26,3,4,42887191,2026-03-20 13:30:00+00:00,6870.0,50,ESH6 P6870,42140878,OPAFPS,6862.375,83,115.5,0.05560562323091743,put,0.17322606472452903,0.0014202329115417924,-0.5016645601761925
212,42887192,2026-02-27 14:14:59.446528293+00:00,1,1,C,N,0,374.0,1,128,14889,1297846241,371.0,374.5,3,2,1,1,42887192,2026-03-20 13:30:00+00:00,6530.0,50,ESH6 C6530,42140878,OCAFPS,6862.375,366,372.75,0.05560562323091743,call,0.2434612140553856,0.0006779609224253267,0.8125252804084209
213,42887193,2026-02-27 14:14:52.956195357+00:00,1,1,M,B,0,523.0,11,128,13084,1297813042,523.0,530.0,11,11,1,1,42887193,2026-03-20 13:30:00+00:00,6360.0,50,ESH6 C6360,42140878,OCAFPS,6862.375,521,526.5,0.05560562323091743,call,0.27432501524622493,0.00043256499818279643,0.8845778367953764
214,42887316,2026-02-27 14:14:59.992402339+00:00,1,1,M,B,0,159.0,4,128,12728,1297850623,159.0,161.0,15,15,2,2,42887316,2026-03-20 13:30:00+00:00,6970.0,50,ESH6 P6970,42140878,OPAFPS,6862.375,120,160.0,0.05560562323091743,put,0.14937854944104964,0.0015053083844660945,-0.6629134978996787
215,42892042,2026-02-27 14:14:59.446528293+00:00,1,1,C,N,0,383.0,1,128,14889,1297846241,380.0,383.0,3,2,1,1,42892042,2026-03-20 13:30:00+00:00,6520.0,50,ESH6 C6520,42140878,OCAFPS,6862.375,375,381.5,0.05560562323091743,call,0.24522167796813082,0.0006607369757119157,0.817951249535646
216,42892047,2026-02-27 14:14:59.667294085+00:00,1,1,M,B,0,57.0,7,128,14126,1297849735,57.0,57.75,36,79,3,7,42892047,2026-03-20 13:30:00+00:00,6960.0,50,ESH6 C6960,42140878,OCAFPS,6862.375,56,57.375,0.05560562323091743,call,0.1518515344989467,0.0015092744375984955,0.3525142556870327
217,42892049,2026-02-27 14:14:59.619185183+00:00,1,1,A,A,0,31.5,4,128,11910,1297849079,30.75,31.5,174,46,7,5,42892049,2026-03-20 13:30:00+00:00,6440.0,50,ESH6 P6440,42140878,OPAFPS,6862.375,20,31.125,0.05560562323091743,put,0.25866480360135535,0.0005354470974589025,-0.14157485498827213
218,42892056,2026-02-27 14:14:59.619228651+00:00,1,1,A,A,0,29.75,4,128,13827,1297849085,29.0,29.75,158,139,6,6,42892056,2026-03-20 13:30:00+00:00,6420.0,50,ESH6 P6420,42140878,OPAFPS,6862.375,18,29.375,0.05560562323091743,put,0.26226335127907047,0.000507538102460963,-0.1335694093477756
219,42892063,2026-02-27 14:14:59.618983517+00:00,1,1,A,A,0,49.5,4,128,14402,1297849056,48.75,49.5,60,110,4,8,42892063,2026-03-20 13:30:00+00:00,6590.0,50,ESH6 P6590,42140878,OPAFPS,6862.375,32,49.125,0.05560562323091743,put,0.23234739654178255,0.0007892878231334489,-0.22120642783360767
220,42892067,2026-02-27 14:14:59.446528293+00:00,1,1,C,N,0,368.5,1,128,14895,1297846249,333.5,369.0,124,124,1,1,42892067,2026-03-20 13:30:00+00:00,7210.0,50,ESH6 P7210,42140878,OPAFPS,6862.375,302,351.25,0.05560562323091743,put,0.1270124596377344,0.0005089909757448151,-0.9470166413106667
221,42894570,2026-02-27 14:14:59.897867213+00:00,1,1,M,A,0,56.5,3,128,13014,1297850533,55.0,55.75,69,10,6,4,42894570,2026-03-20 13:30:00+00:00,6630.0,50,ESH6 P6630,42140878,OPAFPS,6862.375,36,55.375,0.05560562323091743,put,0.22466691115438223,0.000870958723043946,-0.24877569064744537
222,42894571,2026-02-27 14:14:59.889417261+00:00,1,1,M,A,0,46.5,1,128,14759,1297850520,45.75,46.5,121,4,6,3,42894571,2026-03-20 13:30:00+00:00,6570.0,50,ESH6 P6570,42140878,OPAFPS,6862.375,30,46.125,0.05560562323091743,put,0.23578515656636218,0.0007510755641912148,-0.2082861945876353
223,42894572,2026-02-27 14:14:59.819499103+00:00,1,1,M,A,0,61.0,1,128,17180,1297850438,60.25,61.0,61,4,5,3,42894572,2026-03-20 13:30:00+00:00,6660.0,50,ESH6 P6660,42140878,OPAFPS,6862.375,40,60.625,0.05560562323091743,put,0.21881424011321293,0.0009357921607209539,-0.27171861634831607
224,42894573,2026-02-27 14:14:59.446528293+00:00,1,1,C,N,0,235.5,1,128,14826,1297846248,229.5,236.0,11,11,1,1,42894573,2026-03-20 13:30:00+00:00,7080.0,50,ESH6 P7080,42140878,OPAFPS,6862.375,187,232.75,0.05560562323091743,put,0.1258817060981949,0.0011416818181077672,-0.848364984613769
225,42894574,2026-02-27 14:14:59.652134895+00:00,1,1,M,A,0,146.0,4,128,12614,1297849594,143.5,146.0,24,26,3,4,42894574,2026-03-20 13:30:00+00:00,6940.0,50,ESH6 P6940,42140878,OPAFPS,6862.375,108,144.75,0.05560562323091743,put,0.15642851241886127,0.0015095377423956862,-0.6114896894286662
226,42894575,2026-02-27 14:14:59.619176487+00:00,1,1,A,A,0,36.5,3,128,14449,1297849078,35.75,36.5,162,4,7,2,42894575,2026-03-20 13:30:00+00:00,6490.0,50,ESH6 P6490,42140878,OPAFPS,6862.375,23,36.125,0.05560562323091743,put,0.24986240852121644,0.0006113357728413882,-0.1641049890158698
227,42894576,2026-02-27 14:14:59.619176487+00:00,1,1,A,A,0,35.5,3,128,14449,1297849078,34.75,35.5,145,46,6,5,42894576,2026-03-20 13:30:00+00:00,6480.0,50,ESH6 P6480,42140878,OPAFPS,6862.375,22,35.125,0.05560562323091743,put,0.25179743336219496,0.0005954267076647277,-0.15947109694809705
228,42894577,2026-02-27 14:14:59.447713365+00:00,1,1,M,B,0,140.0,4,128,11563,1297847132,140.5,142.0,27,63,3,7,42894577,2026-03-20 13:30:00+00:00,6820.0,50,ESH6 C6820,42140878,OCAFPS,6862.375,137,141.25,0.05560562323091743,call,0.18516191274083277,0.0013110294629284627,0.5638527856922594
229,42894578,2026-02-27 14:14:59.642580947+00:00,1,1,M,B,0,198.5,4,128,13173,1297849380,198.5,200.5,43,42,5,5,42894578,2026-03-20 13:30:00+00:00,6740.0,50,ESH6 C6740,42140878,OCAFPS,6862.375,194,199.5,0.05560562323091743,call,0.20264245937762274,0.001120548739904298,0.6542395317012089
230,42894579,2026-02-27 14:14:59.637697171+00:00,1,1,M,B,0,28.5,4,128,12112,1297849303,28.75,29.5,7,139,2,10,42894579,2026-03-20 13:30:00+00:00,7030.0,50,ESH6 C7030,42140878,OCAFPS,6862.375,28,29.125,0.05560562323091743,call,0.13619650605233385,0.001378446600992597,0.2305818952840344
231,42894580,2026-02-27 14:14:59.646547197+00:00,1,1,M,A,0,124.0,1,128,11416,1297849468,122.5,124.0,25,65,4,5,42894580,2026-03-20 13:30:00+00:00,6890.0,50,ESH6 P6890,42140878,OPAFPS,6862.375,90,123.25,0.05560562323091743,put,0.1687242712438408,0.0014533746018510218,-0.5312178569068972
232,42894584,2026-02-27 14:14:59.618942007+00:00,1,1,A,A,0,99.25,4,128,13188,1297849051,98.25,99.25,23,28,3,5,42894584,2026-03-20 13:30:00+00:00,6820.0,50,ESH6 P6820,42140878,OPAFPS,6862.375,70,98.75,0.05560562323091743,put,0.18482825407482376,0.0013133495492683364,-0.4340067757774495
233,42894585,2026-02-27 14:14:59.446528293+00:00,1,1,C,N,0,385.0,1,128,14895,1297846249,352.0,385.5,123,123,1,1,42894585,2026-03-20 13:30:00+00:00,7230.0,50,ESH6 P7230,42140878,OPAFPS,6862.375,320,368.75,0.05560562323091743,put,0.1140545662245322,0.0003369944134175439,-0.9710035431590953
234,42895788,2026-02-27 14:14:59.619241437+00:00,1,1,A,B,0,20.0,6,128,12875,1297849086,20.0,20.75,62,149,5,9,42895788,2026-03-20 13:30:00+00:00,7060.0,50,ESH6 C7060,42140878,OCAFPS,6862.375,20,20.375,0.05560562323091743,call,0.12999310510205644,0.0012499560613534464,0.1808068621414238
235,42895789,2026-02-27 14:14:59.650923119+00:00,1,1,M,B,0,17.7,7,128,13714,1297849572,17.7,18.2,25,42,3,4,42895789,2026-03-20 13:30:00+00:00,7070.0,50,ESH6 C7070,42140878,OCAFPS,6862.375,18,17.95,0.05560562323091743,call,0.12812875429159185,0.0011979039564184125,0.16532810702483963
236,42895790,2026-02-27 14:14:59.597126413+00:00,1,1,M,A,0,163.5,46,128,16421,1297848687,161.5,163.0,44,3,5,3,42895790,2026-03-20 13:30:00+00:00,6790.0,50,ESH6 C6790,42140878,OCAFPS,6862.375,158,162.25,0.05560562323091743,call,0.19159435305705796,0.0012423036907262088,0.6002776805658879
237,42895791,2026-02-27 14:14:59.619039943+00:00,1,1,A,A,0,38.75,3,128,13308,1297849064,38.0,38.75,155,4,7,2,42895791,2026-03-20 13:30:00+00:00,6510.0,50,ESH6 P6510,42140878,OPAFPS,6862.375,24,38.375,0.05560562323091743,put,0.24634408499351648,0.0006441619163539388,-0.17414897344621746
238,42895792,2026-02-27 14:14:59.619121807+00:00,1,1,A,A,0,26.5,4,128,13060,1297849073,25.75,26.5,178,170,6,8,42895792,2026-03-20 13:30:00+00:00,6380.0,50,ESH6 P6380,42140878,OPAFPS,6862.375,16,26.125,0.05560562323091743,put,0.2692183256708422,0.00045562420360265303,-0.11878824872472016
239,42895793,2026-02-27 14:14:59.619300687+00:00,1,1,A,A,0,17.3,6,128,12934,1297849092,16.9,17.3,134,45,4,4,42895793,2026-03-20 13:30:00+00:00,6230.0,50,ESH6 P6230,42140878,OPAFPS,6862.375,10,17.1,0.05560562323091743,put,0.2953622068568487,0.0003026829138330335,-0.07722494238110858
240,42895794,2026-02-27 14:14:52.780182767+00:00,1,1,M,A,0,596.0,11,128,14758,1297809548,588.5,596.0,11,11,1,1,42895794,2026-03-20 13:30:00+00:00,6290.0,50,ESH6 C6290,42140878,OCAFPS,6862.375,587,592.25,0.05560562323091743,call,0.2880658805317115,0.0003592306219422966,0.9040656585678062
241,42895795,2026-02-27 14:14:59.531573089+00:00,1,1,M,B,0,107.5,17,128,15219,1297848373,107.5,108.5,43,53,3,7,42895795,2026-03-20 13:30:00+00:00,6870.0,50,ESH6 C6870,42140878,OCAFPS,6862.375,104,108.0,0.05560562323091743,call,0.17339576887667796,0.001418843361286495,0.49629870539834975
242,42895796,2026-02-27 14:14:59.478578825+00:00,1,1,A,B,0,101.0,17,128,13148,1297847634,101.0,102.5,54,78,7,10,42895796,2026-03-20 13:30:00+00:00,6880.0,50,ESH6 C6880,42140878,OCAFPS,6862.375,98,101.75,0.05560562323091743,call,0.17103357844089273,0.0014371155923071123,0.4816855936104898
243,42895797,2026-02-27 14:14:59.619121807+00:00,1,1,A,A,0,25.75,4,128,13060,1297849073,25.0,25.75,180,171,6,8,42895797,2026-03-20 13:30:00+00:00,6370.0,50,ESH6 P6370,42140878,OPAFPS,6862.375,16,25.375,0.05560562323091743,put,0.2709502040579217,0.00044343680357852345,-0.11536657804587938
244,42895798,2026-02-27 14:14:59.619133769+00:00,1,1,A,A,0,21.75,4,128,14751,1297849074,21.0,21.75,196,178,7,9,42895798,2026-03-20 13:30:00+00:00,6310.0,50,ESH6 P6310,42140878,OPAFPS,6862.375,13,21.375,0.05560562323091743,put,0.2814204755296443,0.000376636464010878,-0.0969883843571004
245,42895799,2026-02-27 14:14:30.051687985+00:00,1,1,M,B,0,664.0,10,128,13302,1297690243,664.0,671.5,10,10,1,1,42895799,2026-03-20 13:30:00+00:00,6210.0,50,ESH6 C6210,42140878,OCAFPS,6862.375,662,667.75,0.05560562323091743,call,0.3011814310863084,0.00028880632521769724,0.9234513764848968
246,42895800,2026-02-27 14:14:59.446528293+00:00,1,1,C,N,0,286.5,1,128,14895,1297846249,280.0,287.0,10,10,1,1,42895800,2026-03-20 13:30:00+00:00,7140.0,50,ESH6 P7140,42140878,OPAFPS,6862.375,236,283.5,0.05560562323091743,put,0.1167532956040166,0.0007615367811618503,-0.9212753240928996
247,42895801,2026-02-27 14:14:59.500970761+00:00,1,1,M,B,0,261.0,44,128,14016,1297848033,261.0,264.5,47,50,2,2,42895801,2026-03-20 13:30:00+00:00,6660.0,50,ESH6 C6660,42140878,OCAFPS,6862.375,258,262.75,0.05560562323091743,call,0.21912364368228995,0.0009349138127574687,0.7259666878257096
248,42895802,2026-02-27 14:14:59.700706687+00:00,1,1,M,A,0,216.0,4,128,12849,1297850071,214.0,216.0,38,41,5,5,42895802,2026-03-20 13:30:00+00:00,6720.0,50,ESH6 C6720,42140878,OCAFPS,6862.375,210,215.0,0.05560562323091743,call,0.20701949410707499,0.0010721062814207523,0.6736546164739793
249,42895803,2026-02-27 14:14:59.637552735+00:00,1,1,M,A,0,44.25,6,128,14470,1297849299,43.5,44.25,63,85,4,6,42895803,2026-03-20 13:30:00+00:00,6990.0,50,ESH6 C6990,42140878,OCAFPS,6862.375,42,43.875,0.05560562323091743,call,0.14483904779772483,0.0014819281354832316,0.30006248903079563
250,42895804,2026-02-27 14:14:59.650923119+00:00,1,1,M,B,0,15.5,8,128,13714,1297849572,15.5,15.9,27,40,3,4,42895804,2026-03-20 13:30:00+00:00,7080.0,50,ESH6 C7080,42140878,OCAFPS,6862.375,16,15.7,0.05560562323091743,call,0.12622057208089793,0.0011419979995292,0.15024668424118837
251,42895805,2026-02-27 14:14:59.547526907+00:00,1,1,A,B,0,7.3,23,128,14110,1297848548,6.5,6.8,84,90,4,5,42895805,2026-03-20 13:30:00+00:00,7140.0,50,ESH6 C7140,42140878,OCAFPS,6862.375,7,6.65,0.05560562323091743,call,0.11762448071755713,0.0007675587289324867,0.07823114929732149
252,42895806,2026-02-27 14:14:59.992290275+00:00,1,1,M,B,0,70.25,4,128,14558,1297850621,70.25,71.0,58,34,5,5,42895806,2026-03-20 13:30:00+00:00,6710.0,50,ESH6 P6710,42140878,OPAFPS,6862.375,48,70.625,0.05560562323091743,put,0.208888462428075,0.0010493863993607053,-0.3147912961665844
253,42895807,2026-02-27 14:14:59.446528293+00:00,1,1,C,N,0,365.5,1,128,14889,1297846241,362.5,365.5,3,2,1,1,42895807,2026-03-20 13:30:00+00:00,6540.0,50,ESH6 C6540,42140878,OCAFPS,6862.375,358,364.0,0.05560562323091743,call,0.24160369504069695,0.000695612755238328,0.8070189082275623
254,42895808,2026-02-27 14:14:59.446528293+00:00,1,1,C,N,0,288.5,1,128,14607,1297846242,286.0,289.0,3,2,1,1,42895808,2026-03-20 13:30:00+00:00,6630.0,50,ESH6 C6630,42140878,OCAFPS,6862.375,282,287.5,0.05560562323091743,call,0.22511091294731708,0.0008699641522519802,0.7487793293338977
255,42895809,2026-02-27 14:14:59.476865271+00:00,1,1,M,A,0,156.0,4,128,11531,1297847516,153.5,156.0,17,19,2,3,42895809,2026-03-20 13:30:00+00:00,6960.0,50,ESH6 P6960,42140878,OPAFPS,6862.375,116,154.75,0.05560562323091743,put,0.15176929732703368,0.0015099651414942662,-0.6455133199120107
256,42895810,2026-02-27 14:14:59.446528293+00:00,1,1,C,N,0,339.5,1,128,14889,1297846241,336.5,339.5,3,2,1,1,42895810,2026-03-20 13:30:00+00:00,6570.0,50,ESH6 C6570,42140878,OCAFPS,6862.375,332,338.0,0.05560562323091743,call,0.23600271255118951,0.0007508067709389146,0.7894589365462936
257,42895811,2026-02-27 14:14:59.446528293+00:00,1,1,C,N,0,314.0,1,128,14895,1297846249,307.0,314.5,10,10,1,1,42895811,2026-03-20 13:30:00+00:00,7170.0,50,ESH6 P7170,42140878,OPAFPS,6862.375,263,310.75,0.05560562323091743,put,0.11221829014425377,0.0005676375172673865,-0.9479532480343374
258,42896832,2026-02-27 14:14:59.618975203+00:00,1,1,A,A,0,112.5,4,128,12955,1297849055,111.5,112.5,22,51,3,5,42896832,2026-03-20 13:30:00+00:00,6860.0,50,ESH6 P6860,42140878,OPAFPS,6862.375,80,112.0,0.05560562323091743,put,0.17572349525810022,0.0013994886407064163,-0.487399703274692
259,42896833,2026-02-27 14:14:59.618736173+00:00,1,1,A,A,0,132.0,4,128,14928,1297849021,130.5,132.0,28,55,4,5,42896833,2026-03-20 13:30:00+00:00,6910.0,50,ESH6 P6910,42140878,OPAFPS,6862.375,96,131.25,0.05560562323091743,put,0.16365384769278038,0.0014842368221681052,-0.5623692158530504
260,42896834,2026-02-27 14:14:59.889417261+00:00,1,1,M,A,0,16.8,6,128,14759,1297850520,16.5,16.8,45,29,3,3,42896834,2026-03-20 13:30:00+00:00,6220.0,50,ESH6 P6220,42140878,OPAFPS,6862.375,10,16.65,0.05560562323091743,put,0.2971611596622644,0.0002945769061711915,-0.07511564283035864
261,42896835,2026-02-27 14:14:59.619185183+00:00,1,1,A,A,0,33.5,4,128,11910,1297849079,32.75,33.5,156,141,6,7,42896835,2026-03-20 13:30:00+00:00,6460.0,50,ESH6 P6460,42140878,OPAFPS,6862.375,21,33.125,0.05560562323091743,put,0.25540943490315604,0.0005647560762387742,-0.15040383678917418
262,42896836,2026-02-27 14:14:52.825190133+00:00,1,1,M,A,0,511.5,11,128,14597,1297810865,504.5,511.5,11,11,1,1,42896836,2026-03-20 13:30:00+00:00,6380.0,50,ESH6 C6380,42140878,OCAFPS,6862.375,502,508.0,0.05560562323091743,call,0.27074260433979985,0.0004564215512841116,0.8779044938259637
263,42896837,2026-02-27 14:14:52.779942067+00:00,1,1,M,N,0,662.5,10,128,15468,1297809487,655.0,662.5,10,10,1,1,42896837,2026-03-20 13:30:00+00:00,6220.0,50,ESH6 C6220,42140878,OCAFPS,6862.375,652,658.75,0.05560562323091743,call,0.30165476459781787,0.00029874780505229786,0.9199020358222809
264,42896838,2026-02-27 14:14:59.446528293+00:00,1,1,C,N,0,376.0,1,128,14895,1297846249,343.0,376.5,123,123,1,1,42896838,2026-03-20 13:30:00+00:00,7220.0,50,ESH6 P7220,42140878,OPAFPS,6862.375,310,359.75,0.05560562323091743,put,0.11991545350615682,0.00041901342878998175,-0.9606808894473394
265,42896839,2026-02-27 14:14:59.619337299+00:00,1,1,A,A,0,20.5,6,128,14738,1297849095,20.0,20.5,44,167,3,8,42896839,2026-03-20 13:30:00+00:00,6290.0,50,ESH6 P6290,42140878,OPAFPS,6862.375,12,20.25,0.05560562323091743,put,0.28508295346411855,0.00035677145436174205,-0.09171023480358935
266,42896840,2026-02-27 14:14:59.619066533+00:00,1,1,A,A,0,66.75,2,128,11521,1297849067,66.0,66.75,60,3,5,2,42896840,2026-03-20 13:30:00+00:00,6690.0,50,ESH6 P6690,42140878,OPAFPS,6862.375,45,66.375,0.05560562323091743,put,0.2127989014466073,0.001003555266407062,-0.2967306137319688
267,42896841,2026-02-27 14:14:59.688274897+00:00,1,1,M,B,0,170.0,4,128,16311,1297849910,170.0,172.5,11,11,2,2,42896841,2026-03-20 13:30:00+00:00,6990.0,50,ESH6 P6990,42140878,OPAFPS,6862.375,130,171.25,0.05560562323091743,put,0.14486094326948448,0.001481769266042405,-0.6978529963676582
268,42896842,2026-02-27 14:14:59.446528293+00:00,1,1,C,N,0,198.5,1,128,14826,1297846248,193.0,199.0,13,13,1,1,42896842,2026-03-20 13:30:00+00:00,7030.0,50,ESH6 P7030,42140878,OPAFPS,6862.375,154,196.0,0.05560562323091743,put,0.13537028678372054,0.0013820761812797639,-0.768783269930731
269,42896843,2026-02-27 14:14:59.446528293+00:00,1,1,C,N,0,260.5,1,128,14895,1297846249,253.5,261.0,11,11,1,1,42896843,2026-03-20 13:30:00+00:00,7110.0,50,ESH6 P7110,42140878,OPAFPS,6862.375,210,257.25,0.05560562323091743,put,0.12070924167273236,0.0009552341214081511,-0.8890341358508941
270,42896844,2026-02-27 14:14:59.619049233+00:00,1,1,A,A,0,41.25,3,128,15711,1297849065,40.5,41.25,137,44,6,5,42896844,2026-03-20 13:30:00+00:00,6530.0,50,ESH6 P6530,42140878,OPAFPS,6862.375,26,40.875,0.05560562323091743,put,0.2430372434933182,0.000678258397058134,-0.18503009987872346
271,42896845,2026-02-27 14:14:59.446528293+00:00,1,1,C,N,0,185.5,1,128,14826,1297846248,180.0,186.0,13,13,1,1,42896845,2026-03-20 13:30:00+00:00,7010.0,50,ESH6 P7010,42140878,OPAFPS,6862.375,140,183.0,0.05560562323091743,put,0.1397461628966399,0.001444170587494661,-0.7339480374962494
272,42896846,2026-02-27 14:14:59.596381467+00:00,1,1,M,A,0,240.0,1,128,12446,1297848672,237.5,240.0,34,47,3,4,42896846,2026-03-20 13:30:00+00:00,6690.0,50,ESH6 C6690,42140878,OCAFPS,6862.375,233,238.75,0.05560562323091743,call,0.21343219423787596,0.0010013378783525055,0.7007198654061847
273,42896847,2026-02-27 14:14:59.651362875+00:00,1,1,M,A,0,32.75,7,128,11522,1297849580,32.0,32.75,41,94,6,6,42896847,2026-03-20 13:30:00+00:00,7020.0,50,ESH6 C7020,42140878,OCAFPS,6862.375,32,32.375,0.05560562323091743,call,0.1381097361094236,0.0014126873044874684,0.24741764335348201
274,42896848,2026-02-27 14:14:59.597458541+00:00,1,1,M,A,0,7.9,5,128,13480,1297848690,7.5,7.9,177,81,7,6,42896848,2026-03-20 13:30:00+00:00,7130.0,50,ESH6 C7130,42140878,OCAFPS,6862.375,8,7.7,0.05560562323091743,call,0.1186842513898621,0.000830002046129878,0.08784722039081849
275,42896849,2026-02-27 14:14:59.749595671+00:00,1,1,M,B,0,25.75,5,128,19959,1297850288,25.75,26.25,25,153,3,9,42896849,2026-03-20 13:30:00+00:00,7040.0,50,ESH6 C7040,42140878,OCAFPS,6862.375,25,26.0,0.05560562323091743,call,0.13412397650053517,0.0013403215569317533,0.21369051571822048
276,42896850,2026-02-27 14:14:52.784643125+00:00,1,1,M,A,0,624.5,10,128,14779,1297810155,616.5,624.5,10,10,1,1,42896850,2026-03-20 13:30:00+00:00,6260.0,50,ESH6 C6260,42140878,OCAFPS,6862.375,615,620.5,0.05560562323091743,call,0.2932476268263126,0.0003313080978199622,0.9117094734678804
277,42903505,2026-02-27 14:14:53.075137525+00:00,1,1,A,A,0,1.05,25,128,14530,1297814600,0.85,1.05,119,273,4,5,42903505,2026-03-20 13:30:00+00:00,7280.0,50,ESH6 C7280,42140878,OCAFPS,6862.375,1,0.95,0.05560562323091743,call,0.11428777182303224,0.00020059003248536255,0.014649422361485991
278,42910125,2026-02-27 14:14:52.823608407+00:00,1,1,M,N,0,701.0,10,128,14946,1297810855,693.0,701.0,10,10,1,1,42910125,2026-03-20 13:30:00+00:00,6180.0,50,ESH6 C6180,42140878,OCAFPS,6862.375,692,697.0,0.05560562323091743,call,0.30924114562737903,0.0002689713551984813,0.9276778082947831
279,42910391,2026-02-27 14:14:59.446528293+00:00,1,1,C,N,0,384.0,1,128,14963,1297846250,372.0,384.5,7,6,1,1,42910391,2026-03-20 13:30:00+00:00,7240.0,50,ESH6 P7240,42140878,OPAFPS,6862.375,330,378.25,0.05560562323091743,put,0.11127386416965812,0.00028260068561546434,-0.976727776581243
280,42911603,2026-02-27 14:14:59.446528293+00:00,1,1,C,N,0,305.5,1,128,14607,1297846242,302.5,305.5,3,2,1,1,42911603,2026-03-20 13:30:00+00:00,6610.0,50,ESH6 C6610,42140878,OCAFPS,6862.375,298,304.0,0.05560562323091743,call,0.2285131605200306,0.0008294302389141915,0.7633749288008136
281,42911604,2026-02-27 14:14:59.619112669+00:00,1,1,A,A,0,52.5,2,128,13309,1297849072,51.75,52.5,62,32,5,4,42911604,2026-03-20 13:30:00+00:00,6610.0,50,ESH6 P6610,42140878,OPAFPS,6862.375,34,52.125,0.05560562323091743,put,0.2284754722132419,0.0008295009872652172,-0.23453596170187027
282,42911605,2026-02-27 14:14:59.446528293+00:00,1,1,C,N,0,297.0,1,128,14607,1297846242,294.0,297.5,3,2,1,1,42911605,2026-03-20 13:30:00+00:00,6620.0,50,ESH6 C6620,42140878,OCAFPS,6862.375,290,295.75,0.05560562323091743,call,0.2268717938629922,0.0008494507108081388,0.7561313958184457
283,42911606,2026-02-27 14:14:59.636276717+00:00,1,1,M,B,0,53.25,23,128,17667,1297849286,53.25,54.0,137,4,7,2,42911606,2026-03-20 13:30:00+00:00,6620.0,50,ESH6 P6620,42140878,OPAFPS,6862.375,35,53.625,0.05560562323091743,put,0.2263798180902696,0.0008504617824070234,-0.24137608522854045
284,42914938,2026-02-27 14:14:53.074936893+00:00,1,1,A,A,0,1.3,25,128,13197,1297814599,1.05,1.3,256,452,5,6,42914938,2026-03-20 13:30:00+00:00,7260.0,50,ESH6 C7260,42140878,OCAFPS,6862.375,1,1.175,0.05560562323091743,call,0.1130936517895027,0.00024046747302451356,0.017882230863423745
285,42918667,2026-02-27 14:14:29.592001725+00:00,1,1,M,N,0,691.0,10,128,14238,1297686516,683.5,691.0,10,10,1,1,42918667,2026-03-20 13:30:00+00:00,6190.0,50,ESH6 C6190,42140878,OCAFPS,6862.375,681,687.25,0.05560562323091743,call,0.30658025117890675,0.00027540275088266025,0.9262928914113884
286,42921501,2026-02-27 14:14:59.619277993+00:00,1,1,A,A,0,15.2,6,128,14739,1297849089,14.8,15.2,48,51,3,4,42921501,2026-03-20 13:30:00+00:00,6180.0,50,ESH6 P6180,42140878,OPAFPS,6862.375,9,15.0,0.05560562323091743,put,0.3044467583262676,0.00026441208357802964,-0.0673465470047264
287,42931125,2026-02-27 14:14:59.446528293+00:00,1,1,C,N,0,434.5,1,128,14963,1297846250,421.5,435.0,7,5,1,1,42931125,2026-03-20 13:30:00+00:00,7290.0,50,ESH6 P7290,42140878,OPAFPS,6862.375,378,428.25,0.05560562323091743,put,0.12455258013191202,0.0002448211595052099,-0.9774852253947955
