sample,strategy,side,side_label,cell,gamma_regime,entry_time,entry_px,exit_time,exit_reason,atr_at_entry,gross_points,net_dollars,dir_buy_vol_30s,dir_sell_vol_30s,median_buy_100,median_sell_100,delta_ratio_long,delta_ratio_short,p2_long,p2_short,p3_long,p3_short,price_at_T,price_at_T_plus_30s,price_move_30s,p4_threshold,p4_long,p4_short,trcb_long,trcb_short,FILTER_EVALUABLE,FILTER_CONFIRMED
OOS,flow_burst,1,LONG,LONG_short,short,2025-09-08 14:20:00-04:00,6500.625,2025-09-08 14:50:00-04:00,time,3.767857142857143,1.75,82.5,328.0,353.0,,,0.9291784702549575,1.076219512195122,False,False,False,False,6500.5,6500.75,0.25,0.9419642857142857,False,False,False,False,False,False
OOS,flow_burst,-1,SHORT,SHORT_long,long,2025-09-08 15:15:00-04:00,6493.125,2025-09-08 15:40:00-04:00,stop,3.7142857142857144,-7.625,-386.25,721.0,789.0,,,0.9138149556400507,1.0943134535367545,False,False,False,False,6493.5,6493.0,-0.5,0.9285714285714286,False,False,False,False,False,False
OOS,flow_burst,1,LONG,LONG_short,short,2025-09-09 09:30:00-04:00,6507.25,2025-09-09 10:00:00-04:00,time,4.196428571428571,0.375,13.75,,,,,,,,,,,6507.0,6507.75,0.75,1.0491071428571428,False,False,False,False,False,False
OOS,flow_burst,-1,SHORT,SHORT_long,long,2025-09-10 09:30:00-04:00,6552.5,2025-09-10 10:00:00-04:00,time,2.5535714285714284,-0.125,-11.25,,,,,,,,,,,6552.5,6546.5,-6.0,0.6383928571428571,False,True,False,False,False,False
OOS,flow_burst,-1,SHORT,SHORT_long,long,2025-09-10 15:30:00-04:00,6524.875,2025-09-10 15:40:00-04:00,stop,4.821428571428571,-9.875,-498.75,663.0,508.0,509.0,533.0,1.3051181102362204,0.7662141779788839,True,False,False,False,6525.0,6526.25,1.25,1.2053571428571428,True,False,False,False,True,False
OOS,flow_burst,1,LONG,LONG_long,long,2025-09-11 14:45:00-04:00,6591.375,2025-09-11 15:15:00-04:00,time,2.875,1.0,45.0,396.0,364.0,535.0,524.5,1.0879120879120878,0.9191919191919192,False,False,False,False,6591.5,6592.0,0.5,0.71875,False,False,False,False,True,False
OOS,flow_burst,1,LONG,LONG_long,long,2025-09-12 14:55:00-04:00,6604.125,2025-09-12 15:10:00-04:00,stop,2.392857142857143,-5.0,-255.0,292.0,163.0,368.0,365.0,1.7914110429447854,0.5582191780821918,False,False,True,False,6604.0,6603.5,-0.5,0.5982142857142857,False,False,False,False,True,False
OOS,flow_burst,-1,SHORT,SHORT_short,short,2025-09-15 09:30:00-04:00,6608.0,2025-09-15 09:50:00-04:00,stop,4.821428571428571,-9.875,-498.75,,,,,,,,,,,6608.25,6612.0,3.75,1.2053571428571428,True,False,False,False,False,False
OOS,flow_burst,-1,SHORT,SHORT_short,short,2025-09-15 14:45:00-04:00,6608.125,2025-09-15 15:15:00-04:00,time,3.25,-4.0,-205.0,303.0,242.0,292.5,292.0,1.2520661157024793,0.7986798679867987,True,False,False,False,6608.25,6609.0,0.75,0.8125,False,False,False,False,True,False
OOS,flow_burst,1,LONG,LONG_long,long,2025-09-15 15:30:00-04:00,6613.375,2025-09-15 15:55:00-04:00,session_close,3.25,0.375,13.75,222.0,469.0,292.5,303.5,0.47334754797441364,2.1126126126126126,False,True,False,True,6613.25,6612.25,-1.0,0.8125,False,True,False,True,True,False
OOS,flow_burst,1,LONG,LONG_long,long,2025-09-16 14:45:00-04:00,6616.375,2025-09-16 15:15:00-04:00,time,2.267857142857143,2.0,95.0,402.0,307.0,300.5,339.0,1.3094462540716612,0.763681592039801,True,False,False,False,6616.25,6616.5,0.25,0.5669642857142857,False,False,False,False,True,False
OOS,flow_burst,-1,SHORT,SHORT_short,short,2025-09-16 15:30:00-04:00,6613.625,2025-09-16 15:45:00-04:00,stop,2.1964285714285716,-4.625,-236.25,656.0,597.0,307.0,355.5,1.0988274706867671,0.9100609756097561,True,True,False,False,6614.0,6613.5,-0.5,0.5491071428571429,False,False,False,False,True,False
OOS,flow_burst,-1,SHORT,SHORT_long,long,2025-09-17 09:30:00-04:00,6611.5,2025-09-17 09:50:00-04:00,stop,3.3035714285714284,-6.625,-336.25,,,,,,,,,,,6611.75,6615.0,3.25,0.8258928571428571,True,False,False,False,False,False
OOS,flow_burst,-1,SHORT,SHORT_short,short,2025-09-17 14:35:00-04:00,6594.875,2025-09-17 15:05:00-04:00,time,12.125,-7.25,-367.5,1833.0,2673.0,386.0,407.0,0.6857463524130191,1.458265139116203,True,True,False,False,6595.5,6590.0,-5.5,3.03125,False,True,False,False,True,False
OOS,flow_burst,1,LONG,LONG_long,long,2025-09-17 15:00:00-04:00,6588.875,2025-09-17 15:30:00-04:00,time,20.303571428571427,22.75,1132.5,3591.0,3018.0,435.5,455.5,1.1898608349900597,0.8404344193817878,True,True,False,False,6588.5,6595.0,6.5,5.075892857142857,True,False,False,False,True,False
OOS,flow_burst,1,LONG,LONG_long,long,2025-09-17 15:25:00-04:00,6613.625,2025-09-17 15:55:00-04:00,time,21.803571428571427,-6.625,-336.25,1057.0,1069.0,480.0,485.5,0.9887745556594949,1.0113528855250709,True,True,False,False,6613.5,6613.75,0.25,5.450892857142857,False,False,False,False,True,False
OOS,flow_burst,-1,SHORT,SHORT_short,short,2025-09-18 14:45:00-04:00,6634.125,2025-09-18 14:50:00-04:00,stop,4.035714285714286,-8.25,-417.5,337.0,273.0,641.0,693.0,1.2344322344322345,0.8100890207715133,False,False,False,False,6634.5,6634.75,0.25,1.0089285714285714,False,False,False,False,True,False
OOS,flow_burst,1,LONG,LONG_short,short,2025-09-18 14:50:00-04:00,6641.125,2025-09-18 15:20:00-04:00,time,4.25,0.75,32.5,443.0,365.0,641.0,693.0,1.2136986301369863,0.8239277652370203,False,False,False,False,6641.0,6640.75,-0.25,1.0625,False,False,False,False,True,False
OOS,flow_burst,-1,SHORT,SHORT_short,short,2025-09-18 15:15:00-04:00,6641.125,2025-09-18 15:45:00-04:00,time,3.696428571428571,6.625,326.25,216.0,309.0,641.0,693.0,0.6990291262135923,1.4305555555555556,False,False,False,False,6641.25,,,0.9241071428571428,False,False,False,False,True,False
OOS,flow_burst,-1,SHORT,SHORT_long,long,2025-09-22 09:30:00-04:00,6705.75,2025-09-22 09:50:00-04:00,stop,4.285714285714286,-8.625,-436.25,,,,,,,,,,,6706.0,6707.5,1.5,1.0714285714285714,True,False,False,False,False,False
OOS,flow_burst,1,LONG,LONG_long,long,2025-09-22 14:40:00-04:00,6752.125,2025-09-22 15:10:00-04:00,time,2.4464285714285716,1.5,70.0,280.0,387.0,441.5,434.5,0.7235142118863049,1.3821428571428571,False,False,False,False,6752.0,6751.25,-0.75,0.6116071428571429,False,True,False,False,True,False
OOS,flow_burst,-1,SHORT,SHORT_short,short,2025-09-22 15:20:00-04:00,6754.875,2025-09-22 15:50:00-04:00,time,2.1607142857142856,-0.625,-36.25,385.0,540.0,447.5,430.5,0.7129629629629629,1.4025974025974026,False,True,False,False,6754.75,6754.0,-0.75,0.5401785714285714,False,True,False,False,True,False
OOS,flow_burst,-1,SHORT,SHORT_short,short,2025-09-23 14:40:00-04:00,6708.375,2025-09-23 15:10:00-04:00,time,6.071428571428571,3.75,182.5,699.0,523.0,470.0,523.0,1.3365200764818355,0.748211731044349,True,True,False,False,6708.5,6708.75,0.25,1.5178571428571428,False,False,False,False,True,False
OOS,flow_burst,1,LONG,LONG_long,long,2025-09-23 15:05:00-04:00,6704.625,2025-09-23 15:35:00-04:00,time,4.803571428571429,4.5,220.0,374.0,410.0,515.5,549.0,0.9121951219512195,1.0962566844919786,False,False,False,False,6704.5,6704.5,0.0,1.2008928571428572,False,False,False,False,True,False
OOS,flow_burst,-1,SHORT,SHORT_short,short,2025-09-24 13:40:00-04:00,6692.625,2025-09-24 14:10:00-04:00,time,3.928571428571429,7.5,370.0,493.0,562.0,688.0,631.5,0.8772241992882562,1.1399594320486814,False,False,False,False,6692.75,6692.75,0.0,0.9821428571428572,False,False,False,False,True,False
OOS,flow_burst,1,LONG,LONG_long,long,2025-09-24 14:55:00-04:00,6692.375,2025-09-24 15:25:00-04:00,time,4.0,-3.0,-155.0,704.0,632.0,671.5,649.5,1.1139240506329113,0.8977272727272727,True,False,False,False,6692.25,6693.0,0.75,1.0,False,False,False,False,True,False
OOS,flow_burst,-1,SHORT,SHORT_short,short,2025-09-25 09:30:00-04:00,6659.75,2025-09-25 09:35:00-04:00,target,3.696428571428571,16.75,832.5,,,,,,,,,,,6660.0,6655.5,-4.5,0.9241071428571428,False,True,False,False,False,False
OOS,flow_burst,-1,SHORT,SHORT_short,short,2025-09-25 13:25:00-04:00,6647.125,2025-09-25 13:55:00-04:00,time,6.357142857142857,2.75,132.5,1586.0,1113.0,736.0,772.0,1.4249775381850853,0.701765447667087,True,True,False,False,6647.5,6651.5,4.0,1.5892857142857142,True,False,False,False,True,False
OOS,flow_burst,1,LONG,LONG_long,long,2025-09-25 14:10:00-04:00,6633.125,2025-09-25 14:40:00-04:00,time,7.428571428571429,21.5,1070.0,1246.0,1069.0,723.0,739.0,1.1655753040224508,0.8579454253611557,True,True,False,False,6633.0,6633.5,0.5,1.8571428571428572,False,False,False,False,True,False
OOS,flow_burst,1,LONG,LONG_short,short,2025-09-25 14:45:00-04:00,6659.125,2025-09-25 15:15:00-04:00,time,7.0,-2.5,-130.0,888.0,915.0,749.5,755.0,0.9704918032786886,1.0304054054054055,True,True,False,False,6659.0,6657.5,-1.5,1.75,False,False,False,False,True,False
OOS,flow_burst,-1,SHORT,SHORT_short,short,2025-09-26 15:10:00-04:00,6694.125,2025-09-26 15:40:00-04:00,time,3.892857142857143,-1.0,-55.0,398.0,510.0,725.5,700.5,0.7803921568627451,1.2814070351758795,False,False,False,False,6694.5,6693.75,-0.75,0.9732142857142857,False,False,False,False,True,False
OOS,flow_burst,1,LONG,LONG_long,long,2025-09-29 13:55:00-04:00,6708.625,2025-09-29 14:25:00-04:00,time,3.482142857142857,3.75,182.5,422.0,394.0,536.5,549.0,1.0710659898477157,0.933649289099526,False,False,False,False,6708.5,6707.75,-0.75,0.8705357142857143,False,False,False,False,True,False
OOS,flow_burst,-1,SHORT,SHORT_long,long,2025-09-29 14:40:00-04:00,6710.375,2025-09-29 15:10:00-04:00,time,2.875,5.5,270.0,465.0,675.0,497.0,533.0,0.6888888888888889,1.4516129032258065,False,True,False,False,6710.5,6709.25,-1.25,0.71875,False,True,False,False,True,False
OOS,flow_burst,-1,SHORT,SHORT_short,short,2025-09-29 15:10:00-04:00,6704.625,2025-09-29 15:40:00-04:00,time,2.9464285714285716,-5.25,-267.5,531.0,391.0,489.0,538.0,1.3580562659846547,0.736346516007533,True,False,False,False,6704.5,6705.5,1.0,0.7366071428571429,True,False,False,False,True,False
OOS,flow_burst,1,LONG,LONG_long,long,2025-09-30 09:30:00-04:00,6707.5,2025-09-30 09:50:00-04:00,stop,4.5,-9.125,-461.25,,,,,,,,,,,6707.25,6706.75,-0.5,1.125,False,False,False,False,False,False
OOS,flow_burst,1,LONG,LONG_short,short,2025-09-30 15:25:00-04:00,6729.125,2025-09-30 15:55:00-04:00,time,3.857142857142857,10.375,513.75,588.0,533.0,686.0,648.5,1.103189493433396,0.9064625850340136,False,False,False,False,6729.0,6729.75,0.75,0.9642857142857143,False,False,False,False,True,False
OOS,flow_burst,-1,SHORT,SHORT_long,long,2025-10-01 14:25:00-04:00,6762.875,2025-10-01 14:45:00-04:00,stop,3.107142857142857,-6.25,-317.5,528.0,305.0,621.0,588.5,1.7311475409836066,0.5776515151515151,False,False,True,False,6762.75,6763.5,0.75,0.7767857142857143,False,False,False,False,True,False
OOS,flow_burst,-1,SHORT,SHORT_short,short,2025-10-01 15:10:00-04:00,6767.125,2025-10-01 15:40:00-04:00,time,2.8214285714285716,1.5,70.0,345.0,220.0,615.5,598.0,1.5681818181818181,0.6376811594202898,False,False,True,False,6767.25,6767.25,0.0,0.7053571428571429,False,False,False,False,True,False
OOS,flow_burst,-1,SHORT,SHORT_long,long,2025-10-02 09:30:00-04:00,6778.0,2025-10-02 09:40:00-04:00,target,3.357142857142857,15.0,745.0,,,,,,,,,,,6778.5,6774.0,-4.5,0.8392857142857143,False,True,False,False,False,False
OOS,flow_burst,1,LONG,LONG_short,short,2025-10-02 15:05:00-04:00,6769.625,2025-10-02 15:35:00-04:00,time,2.5714285714285716,-2.5,-130.0,343.0,309.0,527.5,576.0,1.110032362459547,0.9008746355685131,False,False,False,False,6769.5,6770.25,0.75,0.6428571428571429,True,False,False,False,True,False
OOS,flow_burst,-1,SHORT,SHORT_long,long,2025-10-03 09:30:00-04:00,6771.75,2025-10-03 09:30:00-04:00,stop,2.9107142857142856,-6.0,-305.0,,,,,,,,,,,6772.0,6774.5,2.5,0.7276785714285714,True,False,False,False,False,False
OOS,flow_burst,-1,SHORT,SHORT_long,long,2025-10-03 13:05:00-04:00,6782.125,2025-10-03 13:10:00-04:00,stop,3.821428571428571,-7.75,-392.5,1688.0,2082.0,494.0,545.5,0.8107588856868396,1.2334123222748816,True,True,False,False,6782.25,6779.5,-2.75,0.9553571428571428,False,True,False,False,True,False
OOS,flow_burst,-1,SHORT,SHORT_long,long,2025-10-03 13:20:00-04:00,6780.875,2025-10-03 13:50:00-04:00,time,4.732142857142857,12.25,607.5,1174.0,982.0,494.0,545.5,1.195519348268839,0.8364565587734242,True,True,False,False,6781.0,6781.0,0.0,1.1830357142857142,False,False,False,False,True,False
OOS,flow_burst,-1,SHORT,SHORT_short,short,2025-10-03 14:50:00-04:00,6766.875,2025-10-03 15:20:00-04:00,time,7.892857142857143,-3.75,-192.5,1125.0,891.0,566.0,608.5,1.2626262626262625,0.792,True,True,False,False,6766.75,6769.25,2.5,1.9732142857142858,True,False,False,False,True,False
OOS,flow_burst,-1,SHORT,SHORT_short,short,2025-10-06 09:30:00-04:00,6787.5,2025-10-06 10:00:00-04:00,time,4.232142857142857,15.875,788.75,,,,,,,,,,,6787.75,6784.25,-3.5,1.0580357142857142,False,True,False,False,False,False
OOS,flow_burst,1,LONG,LONG_short,short,2025-10-06 13:25:00-04:00,6795.125,2025-10-06 13:55:00-04:00,time,2.8035714285714284,-0.5,-30.0,788.0,853.0,614.5,569.5,0.9237983587338804,1.08248730964467,True,True,False,False,6794.75,6795.0,0.25,0.7008928571428571,False,False,False,False,True,False
OOS,flow_burst,-1,SHORT,SHORT_long,long,2025-10-07 09:30:00-04:00,6797.25,2025-10-07 10:00:00-04:00,time,2.732142857142857,4.375,213.75,,,,,,,,,,,6797.5,6795.25,-2.25,0.6830357142857143,False,True,False,False,False,False
OOS,flow_burst,1,LONG,LONG_short,short,2025-10-07 12:35:00-04:00,6762.875,2025-10-07 13:05:00-04:00,time,7.767857142857143,-2.5,-130.0,746.0,880.0,618.5,562.0,0.8477272727272728,1.1796246648793565,True,True,False,False,6762.75,6761.75,-1.0,1.9419642857142858,False,False,False,False,True,False
OOS,flow_burst,-1,SHORT,SHORT_short,short,2025-10-08 14:45:00-04:00,6795.125,2025-10-08 15:15:00-04:00,time,2.7857142857142856,-2.25,-117.5,605.0,844.0,494.5,474.5,0.716824644549763,1.3950413223140496,True,True,False,False,6795.0,6795.0,0.0,0.6964285714285714,False,False,False,False,True,False
OOS,flow_burst,1,LONG,LONG_short,short,2025-10-08 15:15:00-04:00,6797.375,2025-10-08 15:45:00-04:00,time,2.9642857142857144,0.875,38.75,839.0,516.0,494.5,468.5,1.625968992248062,0.6150178784266984,True,True,True,False,6797.5,6797.75,0.25,0.7410714285714286,False,False,False,False,True,False
OOS,flow_burst,1,LONG,LONG_short,short,2025-10-10 09:30:00-04:00,6788.0,2025-10-10 09:45:00-04:00,target,3.767857142857143,17.0,845.0,,,,,,,,,,,6788.0,6786.0,-2.0,0.9419642857142857,False,True,False,False,False,False
OOS,flow_burst,-1,SHORT,SHORT_long,long,2025-10-10 13:15:00-04:00,6646.375,2025-10-10 13:45:00-04:00,time,13.767857142857142,-15.25,-767.5,1672.0,1195.0,943.5,899.5,1.399163179916318,0.7147129186602871,True,True,False,False,6646.5,6649.75,3.25,3.4419642857142856,False,False,False,False,True,False
OOS,flow_burst,-1,SHORT,SHORT_short,short,2025-10-13 09:30:00-04:00,6671.0,2025-10-13 10:00:00-04:00,time,12.178571428571429,-22.625,-1136.25,,,,,,,,,,,6671.5,6672.25,0.75,3.044642857142857,False,False,False,False,False,False
OOS,flow_burst,-1,SHORT,SHORT_short,short,2025-10-13 13:15:00-04:00,6699.625,2025-10-13 13:45:00-04:00,time,6.160714285714286,7.75,382.5,704.0,517.0,1161.0,1066.0,1.3617021276595744,0.734375,False,False,False,False,6700.0,6700.75,0.75,1.5401785714285714,False,False,False,False,True,False
OOS,flow_burst,1,LONG,LONG_short,short,2025-10-13 14:25:00-04:00,6704.375,2025-10-13 14:40:00-04:00,stop,4.946428571428571,-10.0,-505.0,375.0,441.0,932.0,908.0,0.8503401360544217,1.176,False,False,False,False,6704.0,6703.5,-0.5,1.2366071428571428,False,False,False,False,True,False
OOS,flow_burst,-1,SHORT,SHORT_short,short,2025-10-13 14:40:00-04:00,6699.125,2025-10-13 15:10:00-04:00,time,4.660714285714286,10.0,495.0,517.0,425.0,911.0,899.0,1.2164705882352942,0.8220502901353965,False,False,False,False,6699.25,6699.5,0.25,1.1651785714285714,False,False,False,False,True,False
OOS,flow_burst,1,LONG,LONG_long,long,2025-10-13 15:25:00-04:00,6696.375,2025-10-13 15:55:00-04:00,time,6.089285714285714,3.375,163.75,453.0,542.0,811.0,845.5,0.8357933579335793,1.1964679911699778,False,False,False,False,6696.25,6696.5,0.25,1.5223214285714286,False,False,False,False,True,False
OOS,flow_burst,-1,SHORT,SHORT_long,long,2025-10-14 14:40:00-04:00,6709.125,2025-10-14 15:10:00-04:00,time,5.660714285714286,-4.0,-205.0,1021.0,821.0,794.5,755.5,1.243605359317905,0.8041136141038198,True,True,False,False,6709.25,6710.25,1.0,1.4151785714285714,False,False,False,False,True,False
OOS,flow_burst,1,LONG,LONG_short,short,2025-10-15 09:30:00-04:00,6730.5,2025-10-15 10:00:00-04:00,time,9.875,17.375,863.75,,,,,,,,,,,6730.0,6727.75,-2.25,2.46875,False,False,False,False,False,False
OOS,flow_burst,1,LONG,LONG_long,long,2025-10-15 14:35:00-04:00,6711.375,2025-10-15 15:05:00-04:00,time,8.357142857142858,5.25,257.5,797.0,893.0,1009.5,951.5,0.8924972004479284,1.1204516938519449,False,False,False,False,6711.25,6711.25,0.0,2.0892857142857144,False,False,False,False,True,False
OOS,flow_burst,1,LONG,LONG_short,short,2025-10-16 09:30:00-04:00,6732.0,2025-10-16 10:00:00-04:00,time,7.571428571428571,-2.375,-123.75,,,,,,,,,,,6731.5,6732.5,1.0,1.8928571428571428,False,False,False,False,False,False
OOS,flow_burst,1,LONG,LONG_long,long,2025-10-16 14:55:00-04:00,6666.125,2025-10-16 15:25:00-04:00,time,14.053571428571429,-11.25,-567.5,1874.0,1564.0,1220.5,1278.0,1.1982097186700766,0.8345784418356457,True,True,False,False,6666.0,6664.75,-1.25,3.513392857142857,False,False,False,False,True,False
OOS,flow_burst,1,LONG,LONG_short,short,2025-10-17 10:15:00-04:00,6691.625,2025-10-17 10:45:00-04:00,time,17.0,-28.5,-1430.0,2457.0,2074.0,1375.0,1336.0,1.1846673095467695,0.8441188441188441,True,True,False,False,6691.5,6694.0,2.5,4.25,False,False,False,False,True,False
OOS,flow_burst,1,LONG,LONG_short,short,2025-10-17 13:55:00-04:00,6688.625,2025-10-17 14:25:00-04:00,time,11.017857142857142,17.75,882.5,893.0,674.0,1314.5,1253.5,1.324925816023739,0.7547592385218365,False,False,False,False,6688.25,6689.25,1.0,2.7544642857142856,False,False,False,False,True,False
OOS,flow_burst,-1,SHORT,SHORT_long,long,2025-10-17 14:35:00-04:00,6706.375,2025-10-17 15:05:00-04:00,time,8.410714285714286,-1.75,-92.5,730.0,416.0,1280.5,1209.5,1.7548076923076923,0.5698630136986301,False,False,True,False,6706.5,6707.75,1.25,2.1026785714285716,False,False,False,False,True,False
OOS,flow_burst,1,LONG,LONG_long,long,2025-10-17 15:15:00-04:00,6714.375,2025-10-17 15:45:00-04:00,time,6.482142857142857,-7.125,-361.25,833.0,1094.0,1153.5,1071.5,0.7614259597806216,1.3133253301320529,False,True,False,False,6714.25,6714.5,0.25,1.6205357142857142,False,False,False,False,True,False
OOS,flow_burst,-1,SHORT,SHORT_long,long,2025-10-20 09:30:00-04:00,6733.25,2025-10-20 09:30:00-04:00,stop,5.910714285714286,-12.0,-605.0,,,,,,,,,,,6733.5,6739.5,6.0,1.4776785714285714,True,False,False,False,False,False
OOS,flow_burst,-1,SHORT,SHORT_long,long,2025-10-20 14:45:00-04:00,6776.375,2025-10-20 15:15:00-04:00,time,2.4464285714285716,-1.5,-80.0,759.0,1063.0,640.0,640.5,0.7140169332079022,1.4005270092226614,True,True,False,False,6776.5,6775.75,-0.75,0.6116071428571429,False,True,False,False,True,False
OOS,flow_burst,-1,SHORT,SHORT_long,long,2025-10-21 09:30:00-04:00,6773.0,2025-10-21 10:00:00-04:00,time,3.7142857142857144,7.625,376.25,,,,,,,,,,,6773.0,6773.0,0.0,0.9285714285714286,False,False,False,False,False,False
OOS,flow_burst,-1,SHORT,SHORT_short,short,2025-10-21 14:40:00-04:00,6781.375,2025-10-21 15:10:00-04:00,time,3.75,2.5,120.0,343.0,511.0,604.0,585.0,0.6712328767123288,1.489795918367347,False,False,False,False,6781.5,6780.0,-1.5,0.9375,False,True,False,False,True,False
OOS,flow_burst,-1,SHORT,SHORT_long,long,2025-10-22 09:30:00-04:00,6778.25,2025-10-22 10:00:00-04:00,time,3.5892857142857144,7.125,351.25,,,,,,,,,,,6778.5,6774.75,-3.75,0.8973214285714286,False,True,False,False,False,False
OOS,flow_burst,1,LONG,LONG_short,short,2025-10-22 15:00:00-04:00,6723.625,2025-10-22 15:30:00-04:00,time,9.607142857142858,9.25,457.5,1240.0,867.0,910.0,916.0,1.4302191464821223,0.6991935483870968,True,False,False,False,6723.25,6724.25,1.0,2.4017857142857144,False,False,False,False,True,False
OOS,flow_burst,-1,SHORT,SHORT_short,short,2025-10-22 15:25:00-04:00,6729.375,2025-10-22 15:55:00-04:00,time,9.321428571428571,-9.375,-473.75,633.0,596.0,988.0,948.5,1.0620805369127517,0.9415481832543444,False,False,False,False,6729.5,6729.0,-0.5,2.330357142857143,False,False,False,False,True,False
OOS,flow_burst,1,LONG,LONG_short,short,2025-10-23 09:30:00-04:00,6740.0,2025-10-23 10:00:00-04:00,time,8.232142857142858,19.375,963.75,,,,,,,,,,,6739.75,6742.25,2.5,2.0580357142857144,True,False,False,False,False,False
OOS,flow_burst,-1,SHORT,SHORT_short,short,2025-10-27 09:30:00-04:00,6883.0,2025-10-27 10:00:00-04:00,time,3.2857142857142856,-4.375,-223.75,,,,,,,,,,,6883.25,6886.75,3.5,0.8214285714285714,True,False,False,False,False,False
OOS,flow_burst,-1,SHORT,SHORT_short,short,2025-10-27 15:20:00-04:00,6896.375,2025-10-27 15:30:00-04:00,stop,1.6071428571428572,-3.25,-167.5,886.0,545.0,460.0,451.5,1.6256880733944954,0.6151241534988713,True,True,True,False,6896.5,6897.5,1.0,0.4017857142857143,True,False,True,False,True,False
OOS,flow_burst,-1,SHORT,SHORT_long,long,2025-10-28 14:30:00-04:00,6935.625,2025-10-28 15:00:00-04:00,time,3.017857142857143,-1.5,-80.0,469.0,386.0,501.0,476.0,1.2150259067357514,0.8230277185501066,False,False,False,False,6936.0,6936.5,0.5,0.7544642857142857,False,False,False,False,True,False
OOS,flow_burst,-1,SHORT,SHORT_long,long,2025-10-28 15:05:00-04:00,6935.125,2025-10-28 15:25:00-04:00,stop,2.875,-6.0,-305.0,574.0,472.0,508.5,512.0,1.2161016949152543,0.8222996515679443,True,False,False,False,6935.25,6936.25,1.0,0.71875,True,False,False,False,True,False
OOS,flow_burst,1,LONG,LONG_short,short,2025-10-29 14:35:00-04:00,6939.875,2025-10-29 14:35:00-04:00,stop,6.607142857142857,-13.25,-667.5,3025.0,4971.0,549.5,593.5,0.6085294709314021,1.643305785123967,True,True,False,True,6939.75,6915.0,-24.75,1.6517857142857142,False,True,False,True,True,False
OOS,flow_burst,-1,SHORT,SHORT_long,long,2025-10-29 14:40:00-04:00,6890.875,2025-10-29 14:50:00-04:00,stop,9.928571428571429,-20.0,-1005.0,3417.0,3779.0,549.5,593.5,0.9042074622916115,1.105940883816213,True,True,False,False,6891.0,6888.0,-3.0,2.482142857142857,False,True,False,False,True,False
OOS,flow_burst,1,LONG,LONG_short,short,2025-10-29 14:55:00-04:00,6917.375,2025-10-29 15:25:00-04:00,time,13.767857142857142,-6.25,-317.5,1644.0,1700.0,560.0,596.0,0.9670588235294117,1.0340632603406326,True,True,False,False,6917.0,6920.25,3.25,3.4419642857142856,False,False,False,False,True,False
OOS,flow_burst,-1,SHORT,SHORT_short,short,2025-10-30 14:40:00-04:00,6877.625,2025-10-30 15:10:00-04:00,time,5.875,4.0,195.0,921.0,853.0,735.5,759.5,1.0797186400937866,0.9261672095548317,True,True,False,False,6877.75,6877.25,-0.5,1.46875,False,False,False,False,True,False
OOS,flow_burst,-1,SHORT,SHORT_short,short,2025-10-30 15:25:00-04:00,6863.625,2025-10-30 15:55:00-04:00,time,6.553571428571429,7.375,363.75,1202.0,1301.0,805.5,828.5,0.9239046887009992,1.0823627287853577,True,True,False,False,6864.0,6865.5,1.5,1.6383928571428572,False,False,False,False,True,False
OOS,flow_burst,-1,SHORT,SHORT_short,short,2025-10-31 13:15:00-04:00,6849.875,2025-10-31 13:45:00-04:00,time,8.107142857142858,-8.75,-442.5,497.0,611.0,768.5,751.0,0.8134206219312602,1.2293762575452716,False,False,False,False,6850.0,6849.5,-0.5,2.0267857142857144,False,False,False,False,True,False
OOS,flow_burst,1,LONG,LONG_long,long,2025-10-31 14:45:00-04:00,6875.625,2025-10-31 15:15:00-04:00,time,6.125,4.5,220.0,462.0,673.0,770.0,808.0,0.6864784546805349,1.4567099567099566,False,False,False,False,6875.75,6873.75,-2.0,1.53125,False,True,False,False,True,False
OOS,flow_burst,-1,SHORT,SHORT_short,short,2025-11-03 09:30:00-05:00,6908.5,2025-11-03 09:50:00-05:00,target,7.446428571428571,33.5,1670.0,,,,,,,,,,,6908.75,6904.25,-4.5,1.8616071428571428,False,True,False,False,False,False
OOS,flow_burst,-1,SHORT,SHORT_short,short,2025-11-03 14:45:00-05:00,6882.375,2025-11-03 15:15:00-05:00,time,4.535714285714286,-2.0,-105.0,809.0,674.0,698.5,689.0,1.2002967359050445,0.8331273176761433,True,False,False,False,6882.5,6883.0,0.5,1.1339285714285714,False,False,False,False,True,False
OOS,flow_burst,-1,SHORT,SHORT_long,long,2025-11-04 14:40:00-05:00,6799.625,2025-11-04 15:10:00-05:00,time,7.5,-4.0,-205.0,750.0,569.0,661.5,702.5,1.3181019332161688,0.7586666666666667,True,False,False,False,6799.75,6801.75,2.0,1.875,True,False,False,False,True,False
OOS,flow_burst,-1,SHORT,SHORT_long,long,2025-11-04 15:25:00-05:00,6802.625,2025-11-04 15:55:00-05:00,time,6.517857142857143,3.625,176.25,349.0,363.0,677.0,726.0,0.9614325068870524,1.0401146131805157,False,False,False,False,6802.75,6802.5,-0.25,1.6294642857142858,False,False,False,False,True,False
OOS,flow_burst,-1,SHORT,SHORT_long,long,2025-11-05 15:10:00-05:00,6852.125,2025-11-05 15:40:00-05:00,time,3.375,7.5,370.0,242.0,230.0,624.5,646.0,1.0521739130434782,0.9504132231404959,False,False,False,False,6852.25,6851.75,-0.5,0.84375,False,False,False,False,True,False
OOS,flow_burst,-1,SHORT,SHORT_short,short,2025-11-06 09:30:00-05:00,6811.25,2025-11-06 09:30:00-05:00,stop,4.5,-9.25,-467.5,,,,,,,,,,,6811.5,6813.75,2.25,1.125,True,False,False,False,False,False
OOS,flow_burst,1,LONG,LONG_short,short,2025-11-06 14:30:00-05:00,6781.375,2025-11-06 15:00:00-05:00,time,7.482142857142857,-4.25,-217.5,634.0,685.0,737.5,673.0,0.9255474452554745,1.0804416403785488,False,True,False,False,6781.25,6780.0,-1.25,1.8705357142857142,False,False,False,False,True,False
OOS,flow_burst,1,LONG,LONG_short,short,2025-11-06 15:00:00-05:00,6777.375,2025-11-06 15:30:00-05:00,time,7.678571428571429,-6.5,-330.0,910.0,1012.0,760.0,708.5,0.8992094861660079,1.1120879120879121,True,True,False,False,6777.5,6776.5,-1.0,1.9196428571428572,False,False,False,False,True,False
OOS,flow_burst,-1,SHORT,SHORT_short,short,2025-11-06 15:30:00-05:00,6770.875,2025-11-06 15:55:00-05:00,session_close,7.196428571428571,19.375,963.75,1551.0,1078.0,760.0,717.5,1.4387755102040816,0.6950354609929078,True,True,False,False,6770.75,6772.0,1.25,1.7991071428571428,False,False,False,False,True,False
OOS,flow_burst,1,LONG,LONG_short,short,2025-11-07 14:35:00-05:00,6719.625,2025-11-07 15:05:00-05:00,time,7.642857142857143,20.0,995.0,747.0,851.0,982.0,961.0,0.8777908343125734,1.1392235609103079,False,False,False,False,6719.75,6719.75,0.0,1.9107142857142858,False,False,False,False,True,False
OOS,flow_burst,1,LONG,LONG_long,long,2025-11-10 12:55:00-05:00,6838.375,2025-11-10 13:25:00-05:00,time,6.785714285714286,4.25,207.5,357.0,600.0,1053.0,1018.0,0.595,1.680672268907563,False,False,False,True,6838.25,6838.0,-0.25,1.6964285714285714,False,False,False,False,True,False
OOS,flow_burst,1,LONG,LONG_long,long,2025-11-10 13:50:00-05:00,6848.625,2025-11-10 14:20:00-05:00,time,4.446428571428571,-1.75,-92.5,468.0,642.0,1019.5,945.0,0.7289719626168224,1.3717948717948718,False,False,False,False,6848.5,6848.0,-0.5,1.1116071428571428,False,False,False,False,True,False
OOS,flow_burst,-1,SHORT,SHORT_long,long,2025-11-11 09:30:00-05:00,6843.0,2025-11-11 10:00:00-05:00,time,5.339285714285714,-7.125,-361.25,,,,,,,,,,,6843.25,6846.5,3.25,1.3348214285714286,True,False,False,False,False,False
OOS,flow_burst,-1,SHORT,SHORT_long,long,2025-11-11 15:20:00-05:00,6875.625,2025-11-11 15:50:00-05:00,time,3.75,1.875,88.75,373.0,487.0,650.0,640.0,0.7659137577002053,1.3056300268096515,False,False,False,False,6875.5,6875.0,-0.5,0.9375,False,False,False,False,True,False
OOS,flow_burst,1,LONG,LONG_long,long,2025-11-12 14:40:00-05:00,6872.625,2025-11-12 15:10:00-05:00,time,4.928571428571429,-4.75,-242.5,590.0,647.0,800.5,772.5,0.9119010819165378,1.0966101694915253,False,False,False,False,6872.5,6870.5,-2.0,1.2321428571428572,False,True,False,False,True,False
OOS,flow_burst,-1,SHORT,SHORT_long,long,2025-11-12 15:10:00-05:00,6867.875,2025-11-12 15:30:00-05:00,stop,5.428571428571429,-11.0,-555.0,439.0,493.0,780.5,749.5,0.8904665314401623,1.1230068337129842,False,False,False,False,6868.0,6867.75,-0.25,1.3571428571428572,False,False,False,False,True,False
OOS,flow_burst,1,LONG,LONG_long,long,2025-11-12 15:30:00-05:00,6876.375,2025-11-12 15:55:00-05:00,session_close,5.446428571428571,2.375,113.75,635.0,908.0,757.5,739.0,0.6993392070484582,1.4299212598425197,False,True,False,False,6876.0,6874.75,-1.25,1.3616071428571428,False,False,False,False,True,False
OOS,flow_burst,-1,SHORT,SHORT_long,long,2025-11-13 15:05:00-05:00,6753.875,2025-11-13 15:35:00-05:00,time,9.732142857142858,-8.25,-417.5,908.0,859.0,990.0,990.0,1.0570430733410943,0.9460352422907489,False,False,False,False,6753.75,6754.0,0.25,2.4330357142857144,False,False,False,False,True,False
OOS,flow_burst,-1,SHORT,SHORT_short,short,2025-11-14 15:10:00-05:00,6778.125,2025-11-14 15:40:00-05:00,time,7.892857142857143,14.0,695.0,970.0,818.0,1083.5,1079.0,1.1858190709046454,0.843298969072165,False,False,False,False,6778.25,6781.25,3.0,1.9732142857142858,True,False,False,False,True,False
OOS,flow_burst,-1,SHORT,SHORT_short,short,2025-11-17 14:35:00-05:00,6686.375,2025-11-17 15:05:00-05:00,time,9.714285714285714,23.25,1157.5,854.0,873.0,863.5,889.5,0.9782359679266895,1.0222482435597189,False,False,False,False,6686.25,6687.25,1.0,2.4285714285714284,False,False,False,False,True,False
OOS,flow_burst,-1,SHORT,SHORT_short,short,2025-11-17 15:00:00-05:00,6662.125,2025-11-17 15:30:00-05:00,time,11.017857142857142,-13.75,-692.5,1800.0,1947.0,863.5,901.0,0.9244992295839753,1.0816666666666668,True,True,False,False,6662.25,6663.75,1.5,2.7544642857142856,False,False,False,False,True,False
OOS,flow_burst,1,LONG,LONG_short,short,2025-11-18 12:40:00-05:00,6648.125,2025-11-18 13:10:00-05:00,time,12.660714285714286,27.75,1382.5,2082.0,2142.0,1321.5,1211.5,0.9719887955182073,1.0288184438040346,True,True,False,False,6647.75,6650.0,2.25,3.1651785714285716,False,False,False,False,True,False
OOS,flow_burst,-1,SHORT,SHORT_long,long,2025-11-18 14:45:00-05:00,6670.125,2025-11-18 15:15:00-05:00,time,13.107142857142858,2.5,120.0,1365.0,1057.0,1379.0,1229.0,1.2913907284768211,0.7743589743589744,False,False,False,False,6670.25,6673.5,3.25,3.2767857142857144,False,False,False,False,True,False
OOS,flow_burst,-1,SHORT,SHORT_short,short,2025-11-18 15:30:00-05:00,6660.125,2025-11-18 15:55:00-05:00,session_close,12.178571428571429,13.375,663.75,1334.0,1264.0,1376.5,1229.0,1.0553797468354431,0.9475262368815592,False,True,False,False,6660.25,6658.5,-1.75,3.044642857142857,False,False,False,False,True,False
OOS,flow_burst,-1,SHORT,SHORT_short,short,2025-11-19 09:30:00-05:00,6641.25,2025-11-19 09:40:00-05:00,stop,11.142857142857142,-22.375,-1123.75,,,,,,,,,,,6641.75,6640.75,-1.0,2.7857142857142856,False,False,False,False,False,False
OOS,flow_burst,1,LONG,LONG_short,short,2025-11-19 15:20:00-05:00,6676.375,2025-11-19 15:45:00-05:00,stop,9.696428571428571,-19.625,-986.25,1768.0,1389.0,1024.5,1019.0,1.2728581713462923,0.7856334841628959,True,True,False,False,6676.5,6679.0,2.5,2.424107142857143,True,False,False,False,True,False
OOS,flow_burst,-1,SHORT,SHORT_long,long,2025-11-20 09:30:00-05:00,6764.75,2025-11-20 10:00:00-05:00,time,11.714285714285714,-21.875,-1098.75,,,,,,,,,,,6765.0,6763.5,-1.5,2.9285714285714284,False,False,False,False,False,False
OOS,flow_burst,-1,SHORT,SHORT_long,long,2025-11-20 15:05:00-05:00,6594.875,2025-11-20 15:35:00-05:00,time,16.303571428571427,10.0,495.0,1229.0,1166.0,1474.0,1489.0,1.0540308747855918,0.9487388120423108,False,False,False,False,6595.0,6596.75,1.75,4.075892857142857,False,False,False,False,True,False
OOS,flow_burst,-1,SHORT,SHORT_short,short,2025-11-21 14:45:00-05:00,6656.625,2025-11-21 15:15:00-05:00,time,14.178571428571429,8.0,395.0,1024.0,903.0,1343.0,1369.0,1.1339977851605758,0.8818359375,False,False,False,False,6656.5,6656.75,0.25,3.544642857142857,False,False,False,False,True,False
OOS,flow_burst,-1,SHORT,SHORT_short,short,2025-11-21 15:25:00-05:00,6640.375,2025-11-21 15:55:00-05:00,time,11.267857142857142,17.625,876.25,1217.0,1135.0,1232.0,1292.0,1.0722466960352424,0.932621199671323,False,False,False,False,6640.25,6642.25,2.0,2.8169642857142856,False,False,False,False,True,False
OOS,flow_burst,-1,SHORT,SHORT_long,long,2025-11-24 09:30:00-05:00,6658.0,2025-11-24 09:30:00-05:00,stop,11.857142857142858,-24.0,-1205.0,,,,,,,,,,,6658.0,6656.5,-1.5,2.9642857142857144,False,False,False,False,False,False
OOS,flow_burst,1,LONG,LONG_long,long,2025-11-24 14:40:00-05:00,6718.875,2025-11-24 15:10:00-05:00,time,4.589285714285714,2.25,107.5,1166.0,1021.0,877.5,910.5,1.1420176297747306,0.8756432246998285,True,True,False,False,6718.75,6720.0,1.25,1.1473214285714286,True,False,False,False,True,False
OOS,flow_burst,1,LONG,LONG_short,short,2025-11-24 15:05:00-05:00,6723.375,2025-11-24 15:35:00-05:00,time,5.214285714285714,1.0,45.0,666.0,965.0,872.0,895.0,0.6901554404145078,1.4489489489489489,False,True,False,False,6723.25,6722.75,-0.5,1.3035714285714286,False,False,False,False,True,False
OOS,flow_burst,-1,SHORT,SHORT_short,short,2025-11-25 09:30:00-05:00,6715.5,2025-11-25 09:35:00-05:00,stop,6.821428571428571,-14.0,-705.0,,,,,,,,,,,6715.75,6713.75,-2.0,1.7053571428571428,False,True,False,False,False,False
OOS,flow_burst,-1,SHORT,SHORT_short,short,2025-11-26 13:45:00-05:00,6826.375,2025-11-26 14:15:00-05:00,time,7.267857142857143,-10.0,-505.0,787.0,1042.0,760.5,748.5,0.755278310940499,1.324015247776366,True,True,False,False,6826.5,6825.5,-1.0,1.8169642857142858,False,False,False,False,True,False
OOS,flow_burst,-1,SHORT,SHORT_short,short,2025-11-26 14:40:00-05:00,6836.125,2025-11-26 15:10:00-05:00,time,5.982142857142857,-2.5,-130.0,683.0,633.0,724.5,686.0,1.0789889415481833,0.9267935578330894,False,False,False,False,6836.5,6836.5,0.0,1.4955357142857142,False,False,False,False,True,False
OOS,flow_burst,1,LONG,LONG_long,long,2025-11-26 15:15:00-05:00,6843.875,2025-11-26 15:45:00-05:00,time,4.696428571428571,-3.375,-173.75,859.0,693.0,724.5,686.0,1.2395382395382395,0.8067520372526193,True,True,False,False,6843.75,6843.0,-0.75,1.1741071428571428,False,False,False,False,True,False
OOS,flow_burst,-1,SHORT,SHORT_short,short,2025-11-28 12:35:00-05:00,6849.125,2025-11-28 12:55:00-05:00,stop,4.642857142857143,-9.625,-486.25,243.0,305.0,495.5,511.5,0.7967213114754098,1.2551440329218106,False,False,False,False,6849.25,6851.0,1.75,1.1607142857142858,True,False,False,False,True,False
OOS,flow_burst,1,LONG,LONG_long,long,2025-12-01 12:45:00-05:00,6851.375,2025-12-01 13:15:00-05:00,time,5.482142857142857,-0.25,-17.5,915.0,704.0,315.0,344.5,1.2997159090909092,0.7693989071038252,True,True,False,False,6851.25,6852.0,0.75,1.3705357142857142,False,False,False,False,True,False
OOS,flow_burst,-1,SHORT,SHORT_long,long,2025-12-01 13:15:00-05:00,6851.125,2025-12-01 13:45:00-05:00,time,4.732142857142857,-2.5,-130.0,325.0,342.0,368.5,383.5,0.9502923976608187,1.0523076923076924,False,False,False,False,6851.5,6852.0,0.5,1.1830357142857142,False,False,False,False,True,False
OOS,flow_burst,-1,SHORT,SHORT_long,long,2025-12-01 14:05:00-05:00,6847.375,2025-12-01 14:25:00-05:00,target,3.375,15.125,751.25,599.0,674.0,368.5,383.5,0.8887240356083086,1.1252086811352253,True,True,False,False,6847.5,6847.5,0.0,0.84375,False,False,False,False,True,False
OOS,flow_burst,-1,SHORT,SHORT_long,long,2025-12-01 14:25:00-05:00,6833.875,2025-12-01 14:55:00-05:00,time,4.107142857142857,3.25,157.5,889.0,1247.0,364.5,394.0,0.7129109863672815,1.4026996625421821,True,True,False,False,6834.25,6833.0,-1.25,1.0267857142857142,False,True,False,False,True,False
OOS,flow_burst,1,LONG,LONG_long,long,2025-12-02 14:35:00-05:00,6842.125,2025-12-02 15:05:00-05:00,time,6.267857142857143,3.75,182.5,431.0,441.0,690.5,704.0,0.9773242630385488,1.023201856148492,False,False,False,False,6841.75,6843.0,1.25,1.5669642857142858,False,False,False,False,True,False
OOS,flow_burst,-1,SHORT,SHORT_short,short,2025-12-03 15:15:00-05:00,6871.125,2025-12-03 15:45:00-05:00,time,2.4285714285714284,2.625,126.25,263.0,227.0,611.0,587.5,1.158590308370044,0.8631178707224335,False,False,False,False,6871.5,6871.5,0.0,0.6071428571428571,False,False,False,False,True,False
OOS,flow_burst,-1,SHORT,SHORT_short,short,2025-12-04 09:30:00-05:00,6875.25,2025-12-04 09:30:00-05:00,target,3.2142857142857144,14.5,720.0,,,,,,,,,,,6875.25,6875.0,-0.25,0.8035714285714286,False,False,False,False,False,False
OOS,flow_burst,1,LONG,LONG_long,long,2025-12-04 14:35:00-05:00,6854.875,2025-12-04 15:05:00-05:00,time,6.017857142857143,-4.0,-205.0,1761.0,1313.0,553.0,566.5,1.3412033511043413,0.7455990914253265,True,True,False,False,6854.75,6856.25,1.5,1.5044642857142858,False,False,False,False,True,False
OOS,flow_burst,1,LONG,LONG_short,short,2025-12-05 09:30:00-05:00,6875.25,2025-12-05 10:00:00-05:00,time,5.517857142857143,15.625,776.25,,,,,,,,,,,6875.25,6878.75,3.5,1.3794642857142858,True,False,False,False,False,False
OOS,flow_burst,1,LONG,LONG_long,long,2025-12-05 15:00:00-05:00,6883.125,2025-12-05 15:30:00-05:00,time,4.107142857142857,-2.5,-130.0,393.0,569.0,641.0,693.5,0.6906854130052724,1.4478371501272265,False,False,False,False,6883.0,6882.75,-0.25,1.0267857142857142,False,False,False,False,True,False
OOS,flow_burst,-1,SHORT,SHORT_long,long,2025-12-05 15:25:00-05:00,6880.375,2025-12-05 15:55:00-05:00,time,4.125,7.375,363.75,197.0,226.0,641.0,693.5,0.8716814159292036,1.1472081218274113,False,False,False,False,6880.75,6880.0,-0.75,1.03125,False,False,False,False,True,False
OOS,flow_burst,-1,SHORT,SHORT_short,short,2025-12-08 15:00:00-05:00,6843.625,2025-12-08 15:30:00-05:00,time,4.535714285714286,-2.75,-142.5,1042.0,843.0,522.5,536.5,1.236061684460261,0.809021113243762,True,True,False,False,6843.75,6844.25,0.5,1.1339285714285714,False,False,False,False,True,False
OOS,flow_burst,1,LONG,LONG_long,long,2025-12-09 09:30:00-05:00,6850.25,2025-12-09 10:00:00-05:00,time,4.589285714285714,13.625,676.25,,,,,,,,,,,6850.25,6853.75,3.5,1.1473214285714286,True,False,False,False,False,False
OOS,flow_burst,1,LONG,LONG_long,long,2025-12-09 14:55:00-05:00,6856.375,2025-12-09 15:25:00-05:00,time,3.3214285714285716,-3.75,-192.5,193.0,452.0,485.0,490.5,0.4269911504424779,2.3419689119170983,False,False,False,True,6856.25,6855.75,-0.5,0.8303571428571429,False,False,False,False,True,False
OOS,flow_burst,-1,SHORT,SHORT_long,long,2025-12-09 15:30:00-05:00,6851.375,2025-12-09 15:55:00-05:00,session_close,2.642857142857143,3.375,163.75,865.0,1030.0,455.5,479.0,0.8398058252427184,1.1907514450867052,True,True,False,False,6851.75,6852.5,0.75,0.6607142857142857,True,False,False,False,True,False
OOS,flow_burst,-1,SHORT,SHORT_long,long,2025-12-10 09:30:00-05:00,6843.25,2025-12-10 09:45:00-05:00,stop,3.4464285714285716,-7.125,-361.25,,,,,,,,,,,6843.5,6843.75,0.25,0.8616071428571429,False,False,False,False,False,False
OOS,flow_burst,-1,SHORT,SHORT_long,long,2025-12-10 14:45:00-05:00,6861.125,2025-12-10 14:50:00-05:00,stop,13.25,-26.75,-1342.5,1711.0,1301.0,518.0,535.0,1.315142198308993,0.7603740502630041,True,True,False,False,6861.0,6871.75,10.75,3.3125,True,False,False,False,True,False
OOS,flow_burst,1,LONG,LONG_long,long,2025-12-10 14:55:00-05:00,6888.625,2025-12-10 15:25:00-05:00,time,15.517857142857142,9.0,445.0,1460.0,1172.0,518.0,567.5,1.2457337883959045,0.8027397260273973,True,True,False,False,6888.5,6891.0,2.5,3.8794642857142856,False,False,False,False,True,False
OOS,flow_burst,-1,SHORT,SHORT_long,long,2025-12-10 15:20:00-05:00,6899.375,2025-12-10 15:50:00-05:00,time,14.571428571428571,-2.375,-123.75,1482.0,672.0,612.5,640.0,2.205357142857143,0.4534412955465587,True,True,True,False,6899.75,6904.25,4.5,3.642857142857143,True,False,True,False,True,False
OOS,flow_burst,-1,SHORT,SHORT_long,long,2025-12-11 09:30:00-05:00,6868.0,2025-12-11 10:00:00-05:00,time,9.410714285714286,25.625,1276.25,,,,,,,,,,,6868.0,6867.5,-0.5,2.3526785714285716,False,False,False,False,False,False
OOS,flow_burst,1,LONG,LONG_long,long,2025-12-11 13:40:00-05:00,6899.875,2025-12-11 14:10:00-05:00,time,4.982142857142857,-1.75,-92.5,1276.0,879.0,878.5,885.0,1.4516496018202503,0.6888714733542319,True,False,False,False,6899.75,6900.25,0.5,1.2455357142857142,False,False,False,False,True,False
OOS,flow_burst,1,LONG,LONG_short,short,2025-12-11 14:20:00-05:00,6903.875,2025-12-11 14:50:00-05:00,time,4.696428571428571,3.75,182.5,277.0,266.0,878.5,876.0,1.0413533834586466,0.9602888086642599,False,False,False,False,6903.5,6903.5,0.0,1.1741071428571428,False,False,False,False,True,False
OOS,flow_burst,-1,SHORT,SHORT_long,long,2025-12-11 15:10:00-05:00,6905.375,2025-12-11 15:40:00-05:00,time,3.5,7.0,345.0,443.0,589.0,890.5,876.0,0.7521222410865874,1.329571106094808,False,False,False,False,6905.5,6905.5,0.0,0.875,False,False,False,False,True,False
OOS,flow_burst,-1,SHORT,SHORT_short,short,2025-12-12 15:20:00-05:00,6832.125,2025-12-12 15:50:00-05:00,time,5.625,3.875,188.75,472.0,535.0,894.0,795.0,0.8822429906542056,1.1334745762711864,False,False,False,False,6832.25,6832.0,-0.25,1.40625,False,False,False,False,True,False
OOS,flow_burst,-1,SHORT,SHORT_long,long,2025-12-15 09:30:00-05:00,6869.5,2025-12-15 09:55:00-05:00,target,7.232142857142857,32.5,1620.0,,,,,,,,,,,6869.75,6867.0,-2.75,1.8080357142857142,False,True,False,False,False,False
OOS,flow_burst,-1,SHORT,SHORT_long,long,2025-12-16 09:30:00-05:00,6803.75,2025-12-16 09:30:00-05:00,stop,5.946428571428571,-12.25,-617.5,,,,,,,,,,,6804.0,6811.25,7.25,1.4866071428571428,True,False,False,False,False,False
OOS,flow_burst,-1,SHORT,SHORT_long,long,2025-12-16 14:05:00-05:00,6777.125,2025-12-16 14:35:00-05:00,time,8.625,-9.75,-492.5,1023.0,994.0,669.5,622.0,1.029175050301811,0.9716520039100685,True,True,False,False,6777.5,6777.75,0.25,2.15625,False,False,False,False,True,False
OOS,flow_burst,1,LONG,LONG_long,long,2025-12-16 15:05:00-05:00,6799.375,2025-12-16 15:35:00-05:00,time,7.589285714285714,10.75,532.5,457.0,735.0,736.5,661.5,0.6217687074829932,1.6083150984682713,False,True,False,True,6799.0,6798.5,-0.5,1.8973214285714286,False,False,False,False,True,False
OOS,flow_burst,-1,SHORT,SHORT_long,long,2025-12-17 09:30:00-05:00,6807.25,2025-12-17 10:00:00-05:00,time,7.267857142857143,2.125,101.25,,,,,,,,,,,6807.5,6805.0,-2.5,1.8169642857142858,False,True,False,False,False,False
OOS,flow_burst,1,LONG,LONG_short,short,2025-12-18 15:15:00-05:00,6785.125,2025-12-18 15:45:00-05:00,time,8.5,6.875,338.75,1654.0,1563.0,950.5,969.0,1.0582213691618683,0.9449818621523579,True,True,False,False,6785.0,6786.25,1.25,2.125,False,False,False,False,True,False
OOS,flow_burst,-1,SHORT,SHORT_long,long,2025-12-22 09:30:00-05:00,6921.75,2025-12-22 10:00:00-05:00,time,8.339285714285714,-0.375,-23.75,,,,,,,,,,,6921.75,6920.0,-1.75,2.0848214285714284,False,False,False,False,False,False
OOS,flow_burst,1,LONG,LONG_long,long,2025-12-22 14:30:00-05:00,6929.875,2025-12-22 15:00:00-05:00,time,2.4107142857142856,0.25,7.5,1270.0,795.0,419.5,375.0,1.5974842767295598,0.6259842519685039,True,True,True,False,6929.75,6931.25,1.5,0.6026785714285714,True,False,True,False,True,True
OOS,flow_burst,-1,SHORT,SHORT_short,short,2025-12-22 14:55:00-05:00,6929.125,2025-12-22 15:25:00-05:00,time,2.232142857142857,-2.5,-130.0,191.0,180.0,419.5,374.0,1.0611111111111111,0.9424083769633508,False,False,False,False,6929.25,6929.5,0.25,0.5580357142857143,False,False,False,False,True,False
OOS,flow_burst,-1,SHORT,SHORT_short,short,2025-12-23 09:30:00-05:00,6919.5,2025-12-23 09:30:00-05:00,stop,2.3214285714285716,-5.0,-255.0,,,,,,,,,,,6919.75,6926.25,6.5,0.5803571428571429,True,False,False,False,False,False
OOS,flow_burst,1,LONG,LONG_short,short,2025-12-23 12:55:00-05:00,6951.125,2025-12-23 13:25:00-05:00,time,2.125,6.25,307.5,336.0,327.0,423.5,390.0,1.0275229357798166,0.9732142857142857,False,False,False,False,6951.0,6951.25,0.25,0.53125,False,False,False,False,True,False
IS,flow_burst,1,LONG,LONG_short,short,2025-12-30 12:35:00-05:00,6951.375,2025-12-30 13:05:00-05:00,time,2.9107142857142856,-1.5,-80.0,334.0,112.0,364.5,416.5,2.982142857142857,0.33532934131736525,False,False,True,False,6951.25,6951.5,0.25,0.7276785714285714,False,False,False,False,True,False
IS,flow_burst,-1,SHORT,SHORT_long,long,2025-12-30 13:05:00-05:00,6949.875,2025-12-30 13:35:00-05:00,time,2.7857142857142856,-3.5,-180.0,339.0,323.0,354.5,394.0,1.0495356037151702,0.9528023598820059,False,False,False,False,6950.0,6950.25,0.25,0.6964285714285714,False,False,False,False,True,False
IS,flow_burst,-1,SHORT,SHORT_long,long,2025-12-30 13:40:00-05:00,6950.875,2025-12-30 14:10:00-05:00,time,2.5357142857142856,-0.25,-17.5,366.0,364.0,354.5,373.5,1.0054945054945055,0.994535519125683,True,False,False,False,6951.0,6950.25,-0.75,0.6339285714285714,False,True,False,False,True,False
IS,flow_burst,1,LONG,LONG_short,short,2025-12-30 14:15:00-05:00,6953.875,2025-12-30 14:45:00-05:00,time,2.5,-1.25,-67.5,253.0,308.0,354.5,378.0,0.8214285714285714,1.2173913043478262,False,False,False,False,6953.5,6953.0,-0.5,0.625,False,False,False,False,True,False
IS,flow_burst,1,LONG,LONG_short,short,2025-12-30 15:00:00-05:00,6949.875,2025-12-30 15:10:00-05:00,stop,2.375,-4.75,-242.5,390.0,449.0,354.5,359.5,0.8685968819599109,1.1512820512820512,True,True,False,False,6949.75,6950.25,0.5,0.59375,False,False,False,False,True,False
IS,flow_burst,-1,SHORT,SHORT_short,short,2025-12-30 15:10:00-05:00,6948.375,2025-12-30 15:40:00-05:00,time,2.482142857142857,-4.0,-205.0,224.0,294.0,356.0,359.5,0.7619047619047619,1.3125,False,False,False,False,6948.5,6948.25,-0.25,0.6205357142857143,False,False,False,False,True,False
IS,flow_burst,-1,SHORT,SHORT_short,short,2025-12-31 09:30:00-05:00,6943.75,2025-12-31 09:40:00-05:00,target,2.9642857142857144,13.25,657.5,,,,,,,,,,,6944.0,6946.0,2.0,0.7410714285714286,True,False,False,False,False,False
IS,flow_burst,-1,SHORT,SHORT_long,long,2026-01-02 09:30:00-05:00,6925.75,2026-01-02 09:50:00-05:00,stop,6.125,-12.375,-623.75,,,,,,,,,,,6926.0,6929.5,3.5,1.53125,True,False,False,False,False,False
IS,flow_burst,1,LONG,LONG_short,short,2026-01-02 14:15:00-05:00,6893.375,2026-01-02 14:45:00-05:00,time,6.964285714285714,11.25,557.5,829.0,830.0,729.5,643.0,0.9987951807228915,1.0012062726176116,True,True,False,False,6893.25,6892.75,-0.5,1.7410714285714286,False,False,False,False,True,False
IS,flow_burst,-1,SHORT,SHORT_short,short,2026-01-02 15:00:00-05:00,6900.125,2026-01-02 15:30:00-05:00,time,6.785714285714286,-1.5,-80.0,805.0,855.0,790.5,723.0,0.9415204678362573,1.062111801242236,True,True,False,False,6900.25,6899.25,-1.0,1.6964285714285714,False,False,False,False,True,False
IS,flow_burst,-1,SHORT,SHORT_short,short,2026-01-02 15:25:00-05:00,6902.125,2026-01-02 15:55:00-05:00,time,5.910714285714286,8.375,413.75,302.0,381.0,800.5,737.0,0.7926509186351706,1.2615894039735098,False,False,False,False,6902.5,6901.5,-1.0,1.4776785714285714,False,False,False,False,True,False
IS,flow_burst,1,LONG,LONG_short,short,2026-01-05 09:30:00-05:00,6934.0,2026-01-05 10:00:00-05:00,time,6.035714285714286,8.375,413.75,,,,,,,,,,,6933.75,6940.0,6.25,1.5089285714285714,True,False,False,False,False,False
IS,flow_burst,-1,SHORT,SHORT_short,short,2026-01-05 14:15:00-05:00,6951.625,2026-01-05 14:45:00-05:00,time,3.25,6.25,307.5,143.0,260.0,631.0,620.5,0.55,1.8181818181818181,False,False,False,True,6951.5,6951.25,-0.25,0.8125,False,False,False,False,True,False
IS,flow_burst,-1,SHORT,SHORT_short,short,2026-01-05 14:40:00-05:00,6946.375,2026-01-05 15:10:00-05:00,time,2.4642857142857144,-2.0,-105.0,862.0,1371.0,603.5,586.0,0.6287381473377097,1.5904872389791183,True,True,False,True,6946.5,6945.0,-1.5,0.6160714285714286,False,True,False,True,True,True
IS,flow_burst,1,LONG,LONG_long,long,2026-01-06 09:30:00-05:00,6947.5,2026-01-06 09:50:00-05:00,target,3.4285714285714284,15.5,770.0,,,,,,,,,,,6947.0,6951.0,4.0,0.8571428571428571,True,False,False,False,False,False
IS,flow_burst,-1,SHORT,SHORT_long,long,2026-01-07 14:10:00-05:00,6990.125,2026-01-07 14:40:00-05:00,time,3.5357142857142856,3.0,145.0,1163.0,1735.0,496.0,513.5,0.6703170028818444,1.4918314703353397,True,True,False,False,6990.25,6987.0,-3.25,0.8839285714285714,False,True,False,False,True,False
IS,flow_burst,1,LONG,LONG_short,short,2026-01-07 15:20:00-05:00,6977.375,2026-01-07 15:25:00-05:00,stop,4.107142857142857,-8.25,-417.5,1100.0,1239.0,509.0,535.5,0.8878127522195319,1.1263636363636365,True,True,False,False,6977.25,6975.0,-2.25,1.0267857142857142,False,True,False,False,True,False
IS,flow_burst,1,LONG,LONG_short,short,2026-01-08 10:10:00-05:00,6963.875,2026-01-08 10:40:00-05:00,time,8.589285714285714,-4.0,-205.0,1525.0,2051.0,585.5,660.0,0.7435397367137981,1.3449180327868853,True,True,False,False,6963.75,6962.5,-1.25,2.1473214285714284,False,False,False,False,True,False
IS,flow_burst,1,LONG,LONG_short,short,2026-01-08 12:35:00-05:00,6965.125,2026-01-08 13:05:00-05:00,time,5.821428571428571,-0.75,-42.5,270.0,312.0,671.0,678.5,0.8653846153846154,1.1555555555555554,False,False,False,False,6965.0,6965.0,0.0,1.4553571428571428,False,False,False,False,True,False
IS,flow_burst,-1,SHORT,SHORT_long,long,2026-01-09 13:45:00-05:00,7010.625,2026-01-09 14:15:00-05:00,time,3.6607142857142856,-0.0,-5.0,699.0,667.0,594.5,583.5,1.047976011994003,0.9542203147353362,True,True,False,False,7010.5,7010.5,0.0,0.9151785714285714,False,False,False,False,True,False
IS,flow_burst,-1,SHORT,SHORT_long,long,2026-01-12 09:30:00-05:00,6970.25,2026-01-12 09:30:00-05:00,stop,3.0357142857142856,-6.25,-317.5,,,,,,,,,,,6970.75,6974.0,3.25,0.7589285714285714,True,False,False,False,False,False
IS,flow_burst,-1,SHORT,SHORT_short,short,2026-01-12 14:40:00-05:00,7019.625,2026-01-12 14:55:00-05:00,stop,2.25,-4.75,-242.5,175.0,151.0,363.0,395.5,1.1589403973509933,0.8628571428571429,False,False,False,False,7020.0,7020.25,0.25,0.5625,False,False,False,False,True,False
IS,flow_burst,1,LONG,LONG_long,long,2026-01-12 15:00:00-05:00,7023.875,2026-01-12 15:10:00-05:00,stop,2.1964285714285716,-4.5,-230.0,569.0,608.0,353.5,370.5,0.9358552631578947,1.0685413005272408,True,True,False,False,7023.75,7024.0,0.25,0.5491071428571429,False,False,False,False,True,False
IS,flow_burst,-1,SHORT,SHORT_short,short,2026-01-12 15:25:00-05:00,7016.375,2026-01-12 15:50:00-05:00,stop,2.482142857142857,-5.125,-261.25,171.0,339.0,335.0,368.0,0.504424778761062,1.9824561403508771,False,False,False,True,7016.5,7017.0,0.5,0.6205357142857143,False,False,False,False,True,False
IS,flow_burst,-1,SHORT,SHORT_short,short,2026-01-13 09:30:00-05:00,7017.0,2026-01-13 09:35:00-05:00,stop,2.7857142857142856,-5.75,-292.5,,,,,,,,,,,7017.0,7018.0,1.0,0.6964285714285714,True,False,False,False,False,False
IS,flow_burst,1,LONG,LONG_long,long,2026-01-14 09:30:00-05:00,6970.5,2026-01-14 09:40:00-05:00,stop,5.089285714285714,-10.375,-523.75,,,,,,,,,,,6970.25,6974.0,3.75,1.2723214285714286,True,False,False,False,False,False
IS,flow_burst,1,LONG,LONG_short,short,2026-01-14 15:05:00-05:00,6946.375,2026-01-14 15:35:00-05:00,time,5.017857142857143,15.75,782.5,2172.0,1546.0,767.5,767.0,1.404915912031048,0.7117863720073665,True,True,False,False,6946.5,6951.75,5.25,1.2544642857142858,True,False,False,False,True,False
IS,flow_burst,1,LONG,LONG_long,long,2026-01-15 09:30:00-05:00,7008.75,2026-01-15 10:00:00-05:00,time,8.589285714285714,-10.875,-548.75,,,,,,,,,,,7008.25,7003.5,-4.75,2.1473214285714284,False,True,False,False,False,False
IS,flow_burst,-1,SHORT,SHORT_long,long,2026-01-15 14:30:00-05:00,6997.875,2026-01-15 15:00:00-05:00,time,4.017857142857143,8.25,407.5,2020.0,2771.0,692.0,677.0,0.7289787080476362,1.371782178217822,True,True,False,False,6998.0,6995.0,-3.0,1.0044642857142858,False,True,False,False,True,False
IS,flow_burst,1,LONG,LONG_long,long,2026-01-15 15:30:00-05:00,6980.625,2026-01-15 15:55:00-05:00,session_close,5.875,-1.125,-61.25,1405.0,1465.0,727.5,689.0,0.9590443686006825,1.0427046263345197,True,True,False,False,6980.5,6977.5,-3.0,1.46875,False,True,False,False,True,False
IS,flow_burst,1,LONG,LONG_short,short,2026-01-16 09:30:00-05:00,6995.25,2026-01-16 09:55:00-05:00,stop,6.214285714285714,-12.625,-636.25,,,,,,,,,,,6995.25,6996.75,1.5,1.5535714285714286,False,False,False,False,False,False
IS,flow_burst,-1,SHORT,SHORT_long,long,2026-01-20 14:00:00-05:00,6844.125,2026-01-20 14:30:00-05:00,time,6.125,7.75,382.5,1795.0,1359.0,824.0,899.0,1.3208241353936718,0.7571030640668523,True,True,False,False,6844.25,6848.75,4.5,1.53125,True,False,False,False,True,False
IS,flow_burst,1,LONG,LONG_long,long,2026-01-20 14:40:00-05:00,6837.125,2026-01-20 15:10:00-05:00,time,6.660714285714286,-6.25,-317.5,723.0,789.0,855.5,925.0,0.9163498098859315,1.0912863070539418,False,False,False,False,6837.0,6837.25,0.25,1.6651785714285714,False,False,False,False,True,False
IS,flow_burst,-1,SHORT,SHORT_long,long,2026-01-20 15:15:00-05:00,6826.875,2026-01-20 15:45:00-05:00,time,6.0,-0.125,-11.25,1457.0,1296.0,878.0,941.5,1.1242283950617284,0.8894989704873026,True,True,False,False,6827.0,6827.25,0.25,1.5,False,False,False,False,True,False
IS,flow_burst,1,LONG,LONG_short,short,2026-01-21 09:30:00-05:00,6850.0,2026-01-21 09:55:00-05:00,target,7.107142857142857,32.0,1595.0,,,,,,,,,,,6850.0,6853.5,3.5,1.7767857142857142,True,False,False,False,False,False
IS,flow_burst,-1,SHORT,SHORT_short,short,2026-01-21 12:35:00-05:00,6851.375,2026-01-21 13:05:00-05:00,time,11.303571428571429,6.25,307.5,1081.0,953.0,1117.0,1133.5,1.1343126967471144,0.8815911193339501,False,False,False,False,6851.25,6852.0,0.75,2.825892857142857,False,False,False,False,True,False
IS,flow_burst,1,LONG,LONG_short,short,2026-01-21 14:30:00-05:00,6904.875,2026-01-21 15:00:00-05:00,time,11.0,37.75,1882.5,3994.0,3322.0,1052.0,1010.5,1.2022877784467187,0.8317476214321482,True,True,False,False,6904.5,6907.0,2.5,2.75,False,False,False,False,True,False
IS,flow_burst,-1,SHORT,SHORT_long,long,2026-01-22 13:45:00-05:00,6960.625,2026-01-22 14:15:00-05:00,time,3.7857142857142856,-3.5,-180.0,379.0,317.0,939.5,951.0,1.195583596214511,0.8364116094986808,False,False,False,False,6960.75,6961.0,0.25,0.9464285714285714,False,False,False,False,True,False
IS,flow_burst,-1,SHORT,SHORT_long,long,2026-01-22 14:30:00-05:00,6963.375,2026-01-22 14:55:00-05:00,target,3.678571428571429,16.625,826.25,347.0,303.0,806.5,844.5,1.1452145214521452,0.8731988472622478,False,False,False,False,6963.25,6963.75,0.5,0.9196428571428572,False,False,False,False,True,False
IS,flow_burst,1,LONG,LONG_short,short,2026-01-23 09:30:00-05:00,6934.75,2026-01-23 10:00:00-05:00,time,5.535714285714286,8.625,426.25,,,,,,,,,,,6934.25,6938.5,4.25,1.3839285714285714,True,False,False,False,False,False
IS,flow_burst,-1,SHORT,SHORT_short,short,2026-01-23 14:30:00-05:00,6949.625,2026-01-23 15:00:00-05:00,time,5.375,-0.25,-17.5,767.0,702.0,559.5,567.0,1.0925925925925926,0.9152542372881356,True,True,False,False,6949.75,6951.25,1.5,1.34375,True,False,False,False,True,False
IS,flow_burst,1,LONG,LONG_short,short,2026-01-26 15:25:00-05:00,6990.125,2026-01-26 15:50:00-05:00,stop,2.8214285714285716,-5.875,-298.75,155.0,280.0,410.0,430.5,0.5535714285714286,1.8064516129032258,False,False,False,True,6990.0,6989.25,-0.75,0.7053571428571429,False,True,False,False,True,False
IS,flow_burst,-1,SHORT,SHORT_short,short,2026-01-27 09:30:00-05:00,6994.25,2026-01-27 09:50:00-05:00,stop,2.9464285714285716,-6.125,-311.25,,,,,,,,,,,6994.5,6993.75,-0.75,0.7366071428571429,False,True,False,False,False,False
IS,flow_burst,1,LONG,LONG_short,short,2026-01-27 14:30:00-05:00,7015.625,2026-01-27 15:00:00-05:00,time,2.4107142857142856,-2.25,-117.5,1112.0,633.0,399.5,412.5,1.7567140600315956,0.5692446043165468,True,True,True,False,7015.75,7016.5,0.75,0.6026785714285714,True,False,True,False,True,True
IS,flow_burst,1,LONG,LONG_short,short,2026-01-27 15:15:00-05:00,7017.125,2026-01-27 15:25:00-05:00,stop,1.9107142857142856,-4.0,-205.0,344.0,402.0,416.0,393.0,0.8557213930348259,1.1686046511627908,False,True,False,False,7017.0,7016.0,-1.0,0.4776785714285714,False,True,False,False,True,False
IS,flow_burst,1,LONG,LONG_short,short,2026-01-27 15:25:00-05:00,7014.625,2026-01-27 15:45:00-05:00,stop,1.8214285714285712,-3.875,-198.75,505.0,709.0,412.0,378.5,0.7122708039492243,1.4039603960396039,True,True,False,False,7014.5,7014.25,-0.25,0.4553571428571428,False,False,False,False,True,False
IS,flow_burst,1,LONG,LONG_short,short,2026-01-28 09:30:00-05:00,7023.5,2026-01-28 10:00:00-05:00,time,2.5,0.375,13.75,,,,,,,,,,,7023.0,7028.0,5.0,0.625,True,False,False,False,False,False
IS,flow_burst,-1,SHORT,SHORT_short,short,2026-01-28 14:30:00-05:00,6992.625,2026-01-28 14:30:00-05:00,stop,5.714285714285714,-11.5,-580.0,2213.0,2437.0,436.0,419.0,0.9080837094788674,1.1012200632625395,True,True,False,False,6993.0,6995.75,2.75,1.4285714285714286,True,False,False,False,True,False
IS,flow_burst,1,LONG,LONG_short,short,2026-01-28 14:50:00-05:00,7006.375,2026-01-28 15:20:00-05:00,time,8.446428571428571,5.0,245.0,423.0,524.0,447.0,435.5,0.8072519083969466,1.2387706855791962,False,True,False,False,7006.0,7006.25,0.25,2.111607142857143,False,False,False,False,True,False
IS,flow_burst,-1,SHORT,SHORT_short,short,2026-01-28 15:15:00-05:00,7009.125,2026-01-28 15:45:00-05:00,time,8.839285714285714,5.875,288.75,685.0,812.0,443.5,439.5,0.8435960591133005,1.1854014598540146,True,True,False,False,7009.5,7007.75,-1.75,2.2098214285714284,False,False,False,False,True,False
IS,flow_burst,-1,SHORT,SHORT_long,long,2026-01-29 09:30:00-05:00,7013.75,2026-01-29 09:45:00-05:00,target,7.196428571428571,32.5,1620.0,,,,,,,,,,,7014.25,7020.25,6.0,1.7991071428571428,True,False,False,False,False,False
IS,flow_burst,-1,SHORT,SHORT_long,long,2026-01-29 14:50:00-05:00,6964.125,2026-01-29 15:20:00-05:00,time,6.482142857142857,-4.25,-217.5,679.0,590.0,840.5,816.0,1.1508474576271186,0.8689248895434463,False,False,False,False,6964.25,6965.25,1.0,1.6205357142857142,False,False,False,False,True,False
IS,flow_burst,-1,SHORT,SHORT_short,short,2026-01-29 15:25:00-05:00,6969.375,2026-01-29 15:45:00-05:00,stop,5.517857142857143,-11.375,-573.75,518.0,438.0,856.0,824.5,1.182648401826484,0.8455598455598455,False,False,False,False,6969.25,6969.5,0.25,1.3794642857142858,False,False,False,False,True,False
IS,flow_burst,-1,SHORT,SHORT_long,long,2026-01-30 09:30:00-05:00,6967.0,2026-01-30 09:30:00-05:00,stop,6.303571428571429,-12.75,-642.5,,,,,,,,,,,6967.0,6974.75,7.75,1.5758928571428572,True,False,False,False,False,False
IS,flow_burst,1,LONG,LONG_short,short,2026-01-30 13:50:00-05:00,6948.375,2026-01-30 14:20:00-05:00,time,11.232142857142858,18.25,907.5,1387.0,1001.0,989.0,980.5,1.3856143856143857,0.7217015140591204,True,True,False,False,6948.25,6952.75,4.5,2.8080357142857144,True,False,False,False,True,False
IS,flow_burst,-1,SHORT,SHORT_short,short,2026-01-30 15:00:00-05:00,6953.625,2026-01-30 15:30:00-05:00,time,10.214285714285714,5.75,282.5,1456.0,1172.0,987.0,954.0,1.242320819112628,0.804945054945055,True,True,False,False,6953.75,6954.75,1.0,2.5535714285714284,False,False,False,False,True,False
IS,flow_burst,1,LONG,LONG_short,short,2026-02-02 14:10:00-05:00,7015.125,2026-02-02 14:40:00-05:00,time,3.107142857142857,-4.5,-230.0,437.0,256.0,789.0,809.5,1.70703125,0.585812356979405,False,False,True,False,7015.25,7016.0,0.75,0.7767857142857143,False,False,False,False,True,False
IS,flow_burst,-1,SHORT,SHORT_short,short,2026-02-02 15:00:00-05:00,7002.875,2026-02-02 15:00:00-05:00,stop,3.7142857142857144,-7.5,-380.0,4854.0,5184.0,715.5,715.5,0.9363425925925926,1.0679851668726823,True,True,False,False,7002.75,7001.0,-1.75,0.9285714285714286,False,True,False,False,True,False
IS,flow_burst,-1,SHORT,SHORT_short,short,2026-02-02 15:30:00-05:00,7004.875,2026-02-02 15:55:00-05:00,session_close,5.589285714285714,2.125,101.25,587.0,507.0,700.5,676.5,1.1577909270216962,0.8637137989778535,False,False,False,False,7004.75,7005.5,0.75,1.3973214285714286,False,False,False,False,True,False
IS,flow_burst,-1,SHORT,SHORT_long,long,2026-02-03 14:35:00-05:00,6904.375,2026-02-03 15:05:00-05:00,time,9.071428571428571,-5.25,-267.5,1299.0,974.0,967.0,914.0,1.3336755646817249,0.7498075442648191,True,True,False,False,6904.75,6908.75,4.0,2.267857142857143,True,False,False,False,True,False
IS,flow_burst,1,LONG,LONG_short,short,2026-02-03 15:00:00-05:00,6913.625,2026-02-03 15:30:00-05:00,time,9.946428571428571,9.0,445.0,1462.0,1590.0,1027.5,952.5,0.919496855345912,1.0875512995896033,True,True,False,False,6913.75,6915.75,2.0,2.486607142857143,False,False,False,False,True,False
IS,flow_burst,1,LONG,LONG_long,long,2026-02-04 14:35:00-05:00,6908.375,2026-02-04 15:05:00-05:00,time,10.910714285714286,14.0,695.0,1379.0,1151.0,1344.5,1210.5,1.1980886185925281,0.8346627991298042,True,False,False,False,6908.25,6907.25,-1.0,2.7276785714285716,False,False,False,False,True,False
IS,flow_burst,1,LONG,LONG_short,short,2026-02-05 15:10:00-05:00,6850.625,2026-02-05 15:15:00-05:00,stop,9.642857142857142,-19.5,-980.0,769.0,1005.0,946.5,933.5,0.7651741293532338,1.306892067620286,False,True,False,False,6850.25,6849.25,-1.0,2.4107142857142856,False,False,False,False,True,False
IS,flow_burst,-1,SHORT,SHORT_long,long,2026-02-05 15:20:00-05:00,6830.625,2026-02-05 15:50:00-05:00,time,9.821428571428571,16.125,801.25,624.0,666.0,919.5,981.0,0.9369369369369369,1.0673076923076923,False,False,False,False,6830.75,6831.5,0.75,2.455357142857143,False,False,False,False,True,False
IS,flow_burst,1,LONG,LONG_long,long,2026-02-06 09:30:00-05:00,6855.0,2026-02-06 09:50:00-05:00,target,10.178571428571429,45.75,2282.5,,,,,,,,,,,6855.0,6857.0,2.0,2.544642857142857,False,False,False,False,False,False
IS,flow_burst,-1,SHORT,SHORT_short,short,2026-02-06 14:35:00-05:00,6933.875,2026-02-06 15:05:00-05:00,time,3.9107142857142856,-3.75,-192.5,365.0,319.0,647.0,707.0,1.1442006269592477,0.873972602739726,False,False,False,False,6934.25,6935.0,0.75,0.9776785714285714,False,False,False,False,True,False
IS,flow_burst,1,LONG,LONG_short,short,2026-02-06 15:20:00-05:00,6939.375,2026-02-06 15:50:00-05:00,time,4.089285714285714,12.875,638.75,1796.0,1118.0,647.0,690.5,1.6064400715563507,0.6224944320712695,True,True,True,False,6939.5,6942.5,3.0,1.0223214285714286,True,False,True,False,True,True
IS,flow_burst,-1,SHORT,SHORT_long,long,2026-02-09 09:30:00-05:00,6935.25,2026-02-09 09:35:00-05:00,stop,5.803571428571429,-11.75,-592.5,,,,,,,,,,,6935.25,6930.25,-5.0,1.4508928571428572,False,True,False,False,False,False
IS,flow_burst,-1,SHORT,SHORT_long,long,2026-02-09 15:05:00-05:00,6996.375,2026-02-09 15:35:00-05:00,time,3.4285714285714284,14.5,720.0,182.0,167.0,444.5,464.5,1.089820359281437,0.9175824175824175,False,False,False,False,6996.5,6997.25,0.75,0.8571428571428571,False,False,False,False,True,False
IS,flow_burst,-1,SHORT,SHORT_long,long,2026-02-10 14:35:00-05:00,6977.375,2026-02-10 15:05:00-05:00,time,5.714285714285714,2.5,120.0,392.0,241.0,443.5,480.0,1.6265560165975104,0.6147959183673469,False,False,True,False,6977.75,6978.5,0.75,1.4285714285714286,False,False,False,False,True,False
IS,flow_burst,1,LONG,LONG_long,long,2026-02-10 15:00:00-05:00,6977.125,2026-02-10 15:30:00-05:00,time,5.071428571428571,-3.75,-192.5,461.0,482.0,441.5,479.5,0.9564315352697096,1.0455531453362257,True,True,False,False,6977.25,6977.75,0.5,1.2678571428571428,False,False,False,False,True,False
IS,flow_burst,-1,SHORT,SHORT_long,long,2026-02-11 09:30:00-05:00,7003.75,2026-02-11 09:55:00-05:00,target,5.375,24.25,1207.5,,,,,,,,,,,7004.0,7009.0,5.0,1.34375,True,False,False,False,False,False
IS,flow_burst,1,LONG,LONG_short,short,2026-02-11 14:55:00-05:00,6970.125,2026-02-11 15:25:00-05:00,time,5.857142857142857,-4.25,-217.5,325.0,321.0,568.5,572.5,1.0124610591900312,0.9876923076923076,False,False,False,False,6970.0,6969.0,-1.0,1.4642857142857142,False,False,False,False,True,False
IS,flow_burst,1,LONG,LONG_short,short,2026-02-11 15:20:00-05:00,6966.875,2026-02-11 15:50:00-05:00,time,4.928571428571429,0.625,26.25,343.0,542.0,561.5,572.5,0.6328413284132841,1.5801749271137027,False,False,False,True,6966.75,6966.25,-0.5,1.2321428571428572,False,False,False,False,True,False
IS,flow_burst,-1,SHORT,SHORT_short,short,2026-02-12 09:30:00-05:00,6980.5,2026-02-12 09:40:00-05:00,stop,5.392857142857143,-10.875,-548.75,,,,,,,,,,,6980.75,6986.75,6.0,1.3482142857142858,True,False,False,False,False,False
IS,flow_burst,1,LONG,LONG_short,short,2026-02-12 14:35:00-05:00,6887.125,2026-02-12 15:05:00-05:00,time,9.392857142857142,5.25,257.5,579.0,548.0,821.5,744.0,1.0565693430656935,0.9464594127806563,False,False,False,False,6887.0,6886.5,-0.5,2.3482142857142856,False,False,False,False,True,False
IS,flow_burst,-1,SHORT,SHORT_short,short,2026-02-12 15:30:00-05:00,6869.875,2026-02-12 15:55:00-05:00,session_close,7.767857142857143,15.375,763.75,1135.0,1198.0,852.0,837.5,0.9474123539232053,1.0555066079295155,True,True,False,False,6870.0,6869.25,-0.75,1.9419642857142858,False,False,False,False,True,False
IS,flow_burst,-1,SHORT,SHORT_long,long,2026-02-17 12:45:00-05:00,6833.625,2026-02-17 13:15:00-05:00,time,10.285714285714286,-3.5,-180.0,1675.0,1705.0,751.0,765.5,0.9824046920821115,1.017910447761194,True,True,False,False,6833.75,6830.5,-3.25,2.5714285714285716,False,True,False,False,True,False
IS,flow_burst,1,LONG,LONG_short,short,2026-02-17 13:25:00-05:00,6853.875,2026-02-17 13:55:00-05:00,time,12.267857142857142,24.5,1220.0,503.0,730.0,694.5,655.5,0.689041095890411,1.4512922465208749,False,True,False,False,6854.0,6852.5,-1.5,3.0669642857142856,False,False,False,False,True,False
IS,flow_burst,-1,SHORT,SHORT_long,long,2026-02-17 14:20:00-05:00,6873.375,2026-02-17 14:50:00-05:00,time,9.178571428571429,-5.0,-255.0,303.0,246.0,642.5,704.5,1.2317073170731707,0.8118811881188119,False,False,False,False,6873.5,6873.75,0.25,2.294642857142857,False,False,False,False,True,False
IS,flow_burst,-1,SHORT,SHORT_long,long,2026-02-17 14:50:00-05:00,6878.125,2026-02-17 15:20:00-05:00,time,6.714285714285714,12.5,620.0,354.0,551.0,638.5,674.0,0.6424682395644283,1.5564971751412429,False,False,False,True,6878.25,6876.0,-2.25,1.6785714285714286,False,True,False,False,True,False
IS,flow_burst,1,LONG,LONG_short,short,2026-02-18 09:30:00-05:00,6872.0,2026-02-18 10:00:00-05:00,time,7.339285714285714,23.375,1163.75,,,,,,,,,,,6872.0,6867.0,-5.0,1.8348214285714286,False,True,False,False,False,False
IS,flow_burst,1,LONG,LONG_short,short,2026-02-18 15:20:00-05:00,6876.375,2026-02-18 15:50:00-05:00,time,7.428571428571429,21.125,1051.25,651.0,1047.0,527.0,592.0,0.6217765042979942,1.608294930875576,True,True,False,True,6876.5,6875.25,-1.25,1.8571428571428572,False,False,False,False,True,False
IS,flow_burst,-1,SHORT,SHORT_short,short,2026-02-19 09:30:00-05:00,6871.0,2026-02-19 09:55:00-05:00,stop,7.732142857142857,-15.625,-786.25,,,,,,,,,,,6871.25,6872.75,1.5,1.9330357142857142,False,False,False,False,False,False
IS,flow_burst,-1,SHORT,SHORT_short,short,2026-02-19 14:30:00-05:00,6864.125,2026-02-19 15:00:00-05:00,time,6.589285714285714,6.25,307.5,401.0,389.0,649.0,601.0,1.0308483290488433,0.970074812967581,False,False,False,False,6864.25,6865.5,1.25,1.6473214285714286,False,False,False,False,True,False
IS,flow_burst,1,LONG,LONG_short,short,2026-02-19 15:05:00-05:00,6865.125,2026-02-19 15:35:00-05:00,time,6.696428571428571,0.5,20.0,522.0,439.0,652.5,618.5,1.1890660592255125,0.8409961685823755,False,False,False,False,6865.0,6863.75,-1.25,1.6741071428571428,False,False,False,False,True,False
IS,flow_burst,1,LONG,LONG_long,long,2026-02-20 09:30:00-05:00,6855.25,2026-02-20 09:40:00-05:00,target,5.982142857142857,27.0,1345.0,,,,,,,,,,,6855.25,6850.25,-5.0,1.4955357142857142,False,True,False,False,False,False
IS,flow_burst,1,LONG,LONG_long,long,2026-02-20 13:35:00-05:00,6908.375,2026-02-20 14:05:00-05:00,time,12.267857142857142,17.0,845.0,4484.0,5070.0,795.5,836.0,0.8844181459566075,1.1306868867082962,True,True,False,False,6908.0,6900.75,-7.25,3.0669642857142856,False,True,False,False,True,False
IS,flow_burst,1,LONG,LONG_long,long,2026-02-23 09:30:00-05:00,6908.25,2026-02-23 09:55:00-05:00,stop,5.892857142857143,-12.0,-605.0,,,,,,,,,,,6908.0,6919.0,11.0,1.4732142857142858,True,False,False,False,False,False
IS,flow_burst,-1,SHORT,SHORT_long,long,2026-02-24 14:10:00-05:00,6901.625,2026-02-24 14:40:00-05:00,time,3.928571428571429,2.5,120.0,288.0,305.0,688.5,690.5,0.9442622950819672,1.0590277777777777,False,False,False,False,6902.0,6902.0,0.0,0.9821428571428572,False,False,False,False,True,False
IS,flow_burst,1,LONG,LONG_long,long,2026-02-25 13:45:00-05:00,6954.875,2026-02-25 14:15:00-05:00,time,2.1785714285714284,2.5,120.0,109.0,265.0,454.0,444.0,0.41132075471698115,2.4311926605504586,False,False,False,True,6954.75,6954.25,-0.5,0.5446428571428571,False,False,False,False,True,False
IS,flow_burst,-1,SHORT,SHORT_long,long,2026-02-25 14:15:00-05:00,6957.375,2026-02-25 14:35:00-05:00,stop,2.0357142857142856,-4.25,-217.5,251.0,144.0,434.5,408.5,1.7430555555555556,0.5737051792828686,False,False,True,False,6957.5,6957.75,0.25,0.5089285714285714,False,False,False,False,True,False
IS,flow_burst,1,LONG,LONG_long,long,2026-02-25 14:35:00-05:00,6960.875,2026-02-25 15:05:00-05:00,time,2.2857142857142856,-0.75,-42.5,435.0,468.0,415.5,380.0,0.9294871794871795,1.0758620689655172,True,True,False,False,6960.75,6960.75,0.0,0.5714285714285714,False,False,False,False,True,False
IS,flow_burst,-1,SHORT,SHORT_long,long,2026-02-25 15:20:00-05:00,6959.625,2026-02-25 15:50:00-05:00,time,2.0714285714285716,-1.375,-73.75,179.0,325.0,409.5,373.5,0.5507692307692308,1.8156424581005586,False,False,False,True,6960.0,6959.25,-0.75,0.5178571428571429,False,True,False,False,True,False
IS,flow_burst,1,LONG,LONG_long,long,2026-02-26 09:30:00-05:00,6960.75,2026-02-26 09:30:00-05:00,stop,2.732142857142857,-5.75,-292.5,,,,,,,,,,,6960.25,6957.75,-2.5,0.6830357142857143,False,True,False,False,False,False
IS,flow_burst,1,LONG,LONG_short,short,2026-02-26 13:35:00-05:00,6897.125,2026-02-26 14:05:00-05:00,time,7.410714285714286,9.5,470.0,1288.0,1460.0,437.0,459.5,0.8821917808219178,1.1335403726708075,True,True,False,False,6897.25,6895.75,-1.5,1.8526785714285714,False,False,False,False,True,False
IS,flow_burst,1,LONG,LONG_short,short,2026-02-26 14:05:00-05:00,6906.875,2026-02-26 14:35:00-05:00,time,7.464285714285714,13.25,657.5,401.0,374.0,453.5,485.0,1.072192513368984,0.9326683291770573,False,False,False,False,6906.5,6906.25,-0.25,1.8660714285714286,False,False,False,False,True,False
IS,flow_burst,-1,SHORT,SHORT_long,long,2026-02-26 15:10:00-05:00,6919.125,2026-02-26 15:40:00-05:00,time,6.089285714285714,-3.25,-167.5,584.0,647.0,539.5,578.0,0.9026275115919629,1.1078767123287672,True,True,False,False,6919.25,6920.0,0.75,1.5223214285714286,False,False,False,False,True,False
IS,flow_burst,1,LONG,LONG_long,long,2026-02-27 15:15:00-05:00,6877.375,2026-02-27 15:45:00-05:00,time,6.464285714285714,-1.875,-98.75,1326.0,1353.0,672.5,643.0,0.9800443458980045,1.0203619909502262,True,True,False,False,6877.0,6878.0,1.0,1.6160714285714286,False,False,False,False,True,False
IS,flow_burst,1,LONG,LONG_short,short,2026-03-02 14:10:00-05:00,6889.125,2026-03-02 14:40:00-05:00,time,5.571428571428571,18.5,920.0,747.0,729.0,674.0,589.0,1.0246913580246915,0.9759036144578314,True,True,False,False,6888.75,6889.25,0.5,1.3928571428571428,False,False,False,False,True,False
IS,flow_burst,-1,SHORT,SHORT_short,short,2026-03-02 15:10:00-05:00,6883.875,2026-03-02 15:40:00-05:00,time,6.928571428571429,-1.25,-67.5,2552.0,2671.0,679.0,609.0,0.9554473979782853,1.046630094043887,True,True,False,False,6884.25,6881.0,-3.25,1.7321428571428572,False,True,False,False,True,False
IS,flow_burst,-1,SHORT,SHORT_short,short,2026-03-03 14:35:00-05:00,6819.625,2026-03-03 14:35:00-05:00,stop,9.267857142857142,-18.75,-942.5,650.0,963.0,899.5,848.0,0.6749740394600208,1.4815384615384615,False,True,False,False,6819.75,6816.25,-3.5,2.3169642857142856,False,True,False,False,True,False
IS,flow_burst,1,LONG,LONG_long,long,2026-03-04 15:30:00-05:00,6884.125,2026-03-04 15:55:00-05:00,session_close,4.214285714285714,-3.125,-161.25,829.0,678.0,679.0,691.5,1.2227138643067847,0.8178528347406514,True,False,False,False,6884.25,6886.0,1.75,1.0535714285714286,True,False,False,False,True,False
IS,flow_burst,1,LONG,LONG_long,long,2026-03-05 15:05:00-05:00,6799.125,2026-03-05 15:35:00-05:00,time,9.446428571428571,22.25,1107.5,2515.0,2730.0,770.0,757.5,0.9212454212454212,1.0854870775347913,True,True,False,False,6799.0,6796.0,-3.0,2.361607142857143,False,True,False,False,True,False
IS,flow_burst,1,LONG,LONG_short,short,2026-03-05 15:30:00-05:00,6816.375,2026-03-05 15:55:00-05:00,session_close,10.857142857142858,17.875,888.75,1229.0,1391.0,809.0,808.5,0.8835370237239396,1.131814483319772,True,True,False,False,6816.0,6816.25,0.25,2.7142857142857144,False,False,False,False,True,False
IS,flow_burst,1,LONG,LONG_long,long,2026-03-06 15:05:00-05:00,6776.375,2026-03-06 15:10:00-05:00,stop,8.535714285714286,-17.25,-867.5,375.0,430.0,832.5,763.5,0.872093023255814,1.1466666666666667,False,False,False,False,6776.25,6773.75,-2.5,2.1339285714285716,False,True,False,False,True,False
IS,flow_burst,-1,SHORT,SHORT_long,long,2026-03-06 15:10:00-05:00,6768.375,2026-03-06 15:35:00-05:00,target,8.660714285714286,38.875,1938.75,686.0,649.0,832.5,763.5,1.0570107858243452,0.9460641399416909,False,False,False,False,6768.5,6767.25,-1.25,2.1651785714285716,False,False,False,False,True,False
IS,flow_burst,1,LONG,LONG_long,long,2026-03-09 14:35:00-04:00,6728.125,2026-03-09 15:05:00-04:00,time,7.446428571428571,-7.75,-392.5,2390.0,1570.0,759.5,684.0,1.5222929936305734,0.6569037656903766,True,True,True,False,6728.0,6730.0,2.0,1.8616071428571428,True,False,True,False,True,True
IS,flow_burst,-1,SHORT,SHORT_long,long,2026-03-09 15:00:00-04:00,6719.875,2026-03-09 15:15:00-04:00,stop,7.321428571428571,-14.75,-742.5,720.0,652.0,723.5,669.5,1.1042944785276074,0.9055555555555556,False,False,False,False,6720.0,6720.25,0.25,1.8303571428571428,False,False,False,False,True,False
IS,flow_burst,1,LONG,LONG_short,short,2026-03-09 15:20:00-04:00,6752.625,2026-03-09 15:25:00-04:00,target,8.821428571428571,39.625,1976.25,5635.0,4906.0,710.0,655.5,1.1485935589074603,0.8706299911268855,True,True,False,False,6752.5,6761.5,9.0,2.205357142857143,True,False,False,False,True,False
IS,flow_burst,1,LONG,LONG_long,long,2026-03-10 09:30:00-04:00,6799.5,2026-03-10 10:00:00-04:00,time,17.285714285714285,-23.375,-1173.75,,,,,,,,,,,6799.25,6800.25,1.0,4.321428571428571,False,False,False,False,False,False
IS,flow_burst,-1,SHORT,SHORT_long,long,2026-03-10 13:40:00-04:00,6830.625,2026-03-10 14:10:00-04:00,time,8.196428571428571,-1.25,-67.5,1018.0,1149.0,778.0,747.0,0.8859878154917319,1.1286836935166995,True,True,False,False,6831.0,6829.25,-1.75,2.049107142857143,False,False,False,False,True,False
IS,flow_burst,-1,SHORT,SHORT_short,short,2026-03-10 14:15:00-04:00,6804.125,2026-03-10 14:45:00-04:00,time,10.428571428571429,-0.25,-17.5,4477.0,3617.0,792.5,766.0,1.2377661045064972,0.8079070806343533,True,True,False,False,6804.0,6809.25,5.25,2.607142857142857,True,False,False,False,True,False
IS,flow_burst,1,LONG,LONG_short,short,2026-03-11 09:30:00-04:00,6794.5,2026-03-11 10:00:00-04:00,time,10.607142857142858,0.625,26.25,,,,,,,,,,,6794.0,6793.75,-0.25,2.6517857142857144,False,False,False,False,False,False
IS,flow_burst,-1,SHORT,SHORT_short,short,2026-03-13 09:30:00-04:00,6707.25,2026-03-13 09:40:00-04:00,stop,8.053571428571429,-16.125,-811.25,,,,,,,,,,,6707.75,6712.0,4.25,2.013392857142857,True,False,False,False,False,False
IS,flow_burst,1,LONG,LONG_short,short,2026-03-13 14:30:00-04:00,6646.125,2026-03-13 15:00:00-04:00,time,8.142857142857142,9.25,457.5,486.0,600.0,830.0,750.0,0.81,1.2345679012345678,False,False,False,False,6645.75,6646.5,0.75,2.0357142857142856,False,False,False,False,True,False
IS,flow_burst,-1,SHORT,SHORT_short,short,2026-03-13 15:00:00-04:00,6655.375,2026-03-13 15:30:00-04:00,time,6.803571428571429,17.5,870.0,532.0,593.0,802.0,726.5,0.897133220910624,1.1146616541353382,False,False,False,False,6655.5,6654.75,-0.75,1.7008928571428572,False,False,False,False,True,False
IS,flow_burst,1,LONG,LONG_long,long,2026-03-16 14:10:00-04:00,6708.375,2026-03-16 14:40:00-04:00,time,6.839285714285714,5.75,282.5,732.0,530.0,573.5,612.5,1.381132075471698,0.7240437158469946,True,False,False,False,6708.25,6709.5,1.25,1.7098214285714286,False,False,False,False,True,False
IS,flow_burst,1,LONG,LONG_long,long,2026-03-16 15:10:00-04:00,6728.375,2026-03-16 15:10:00-04:00,stop,6.089285714285714,-12.25,-617.5,2869.0,2794.0,485.5,545.5,1.0268432355046528,0.9738584872777971,True,True,False,False,6728.25,6729.5,1.25,1.5223214285714286,False,False,False,False,True,False
IS,flow_burst,1,LONG,LONG_short,short,2026-03-17 09:30:00-04:00,6737.0,2026-03-17 10:00:00-04:00,time,8.517857142857142,14.375,713.75,,,,,,,,,,,6736.75,6735.5,-1.25,2.1294642857142856,False,False,False,False,False,False
IS,flow_burst,-1,SHORT,SHORT_short,short,2026-03-17 15:00:00-04:00,6723.875,2026-03-17 15:30:00-04:00,time,4.892857142857143,0.5,20.0,384.0,336.0,487.5,453.0,1.1428571428571428,0.875,False,False,False,False,6724.0,6723.75,-0.25,1.2232142857142858,False,False,False,False,True,False
IS,flow_burst,-1,SHORT,SHORT_short,short,2026-03-18 09:30:00-04:00,6694.5,2026-03-18 09:35:00-04:00,stop,4.178571428571429,-8.5,-430.0,,,,,,,,,,,6694.75,6698.75,4.0,1.0446428571428572,True,False,False,False,False,False
IS,flow_burst,-1,SHORT,SHORT_long,long,2026-03-18 14:20:00-04:00,6668.625,2026-03-18 14:50:00-04:00,time,6.714285714285714,11.0,545.0,539.0,456.0,509.5,500.5,1.1820175438596492,0.8460111317254174,True,False,False,False,6668.25,6670.5,2.25,1.6785714285714286,True,False,False,False,True,False
IS,flow_burst,-1,SHORT,SHORT_long,long,2026-03-18 14:55:00-04:00,6646.625,2026-03-18 15:25:00-04:00,time,9.25,7.5,370.0,1598.0,922.0,521.5,509.5,1.7331887201735359,0.5769712140175219,True,True,True,False,6646.75,6650.5,3.75,2.3125,True,False,True,False,True,False
IS,flow_burst,-1,SHORT,SHORT_long,long,2026-03-18 15:20:00-04:00,6644.375,2026-03-18 15:50:00-04:00,time,9.375,13.625,676.25,809.0,779.0,544.0,531.0,1.0385109114249038,0.9629171817058096,True,True,False,False,6644.75,6645.0,0.25,2.34375,False,False,False,False,True,False
IS,flow_burst,1,LONG,LONG_long,long,2026-03-19 15:00:00-04:00,6594.875,2026-03-19 15:05:00-04:00,target,8.446428571428571,38.125,1901.25,1307.0,1275.0,739.5,690.5,1.0250980392156863,0.9755164498852333,True,True,False,False,6595.0,6596.75,1.75,2.111607142857143,False,False,False,False,True,False
IS,flow_burst,1,LONG,LONG_short,short,2026-03-19 15:05:00-04:00,6615.875,2026-03-19 15:35:00-04:00,time,9.267857142857142,-5.5,-280.0,3603.0,4100.0,752.0,701.5,0.878780487804878,1.137940605051346,True,True,False,False,6615.5,6622.25,6.75,2.3169642857142856,True,False,False,False,True,False
IS,flow_burst,1,LONG,LONG_short,short,2026-03-23 14:35:00-04:00,6668.875,2026-03-23 15:05:00-04:00,time,10.553571428571429,-5.75,-292.5,3239.0,1663.0,773.5,767.5,1.9476849067949489,0.5134300710095708,True,True,True,False,6668.75,6669.0,0.25,2.638392857142857,False,False,False,False,True,False
IS,flow_burst,-1,SHORT,SHORT_short,short,2026-03-24 15:20:00-04:00,6627.625,2026-03-24 15:50:00-04:00,time,9.107142857142858,17.375,863.75,196.0,360.0,694.0,677.0,0.5444444444444444,1.836734693877551,False,False,False,True,6627.75,6626.5,-1.25,2.2767857142857144,False,False,False,False,True,False
IS,flow_burst,1,LONG,LONG_long,long,2026-03-25 15:15:00-04:00,6639.125,2026-03-25 15:45:00-04:00,time,6.0,-3.125,-161.25,637.0,690.0,666.5,702.5,0.9231884057971015,1.0832025117739403,False,False,False,False,6639.0,6639.25,0.25,1.5,False,False,False,False,True,False
IS,flow_burst,1,LONG,LONG_long,long,2026-03-26 14:50:00-04:00,6546.125,2026-03-26 15:05:00-04:00,stop,6.214285714285714,-12.5,-630.0,965.0,736.0,606.5,630.0,1.3111413043478262,0.7626943005181347,True,True,False,False,6546.25,6547.0,0.75,1.5535714285714286,False,False,False,False,True,False
IS,flow_burst,-1,SHORT,SHORT_long,long,2026-03-26 15:05:00-04:00,6539.375,2026-03-26 15:35:00-04:00,time,6.196428571428571,10.25,507.5,465.0,422.0,606.5,627.5,1.1018957345971565,0.9075268817204301,False,False,False,False,6539.25,6537.75,-1.5,1.5491071428571428,False,False,False,False,True,False
IS,flow_burst,-1,SHORT,SHORT_short,short,2026-03-27 09:30:00-04:00,6492.25,2026-03-27 09:55:00-04:00,target,6.232142857142857,28.0,1395.0,,,,,,,,,,,6492.25,6491.0,-1.25,1.5580357142857142,False,False,False,False,False,False
IS,flow_burst,-1,SHORT,SHORT_long,long,2026-03-27 15:05:00-04:00,6415.625,2026-03-27 15:35:00-04:00,time,6.5,-4.5,-230.0,696.0,547.0,754.0,718.5,1.2723948811700183,0.7859195402298851,False,False,False,False,6415.5,6415.75,0.25,1.625,False,False,False,False,True,False
IS,flow_burst,1,LONG,LONG_long,long,2026-03-31 12:40:00-04:00,6518.625,2026-03-31 13:10:00-04:00,time,10.607142857142858,14.25,707.5,7234.0,6069.0,811.5,800.0,1.1919591365958149,0.8389549350290296,True,True,False,False,6518.5,6530.0,11.5,2.6517857142857144,True,False,False,False,True,False
IS,flow_burst,1,LONG,LONG_long,long,2026-04-01 13:05:00-04:00,6650.875,2026-04-01 13:35:00-04:00,time,4.732142857142857,-3.5,-180.0,462.0,568.0,807.5,746.0,0.8133802816901409,1.2294372294372293,False,False,False,False,6650.75,6652.25,1.5,1.1830357142857142,True,False,False,False,True,False
IS,flow_burst,-1,SHORT,SHORT_short,short,2026-04-01 13:45:00-04:00,6646.875,2026-04-01 14:00:00-04:00,target,3.821428571428571,17.125,851.25,599.0,398.0,753.5,677.5,1.5050251256281406,0.664440734557596,False,False,True,False,6647.25,6648.0,0.75,0.9553571428571428,False,False,False,False,True,False
IS,flow_burst,-1,SHORT,SHORT_short,short,2026-04-01 14:00:00-04:00,6635.375,2026-04-01 14:15:00-04:00,target,4.375,19.625,976.25,1021.0,1304.0,746.5,670.5,0.7829754601226994,1.277179236043095,True,True,False,False,6635.25,6634.25,-1.0,1.09375,False,False,False,False,True,False
IS,flow_burst,-1,SHORT,SHORT_short,short,2026-04-01 14:20:00-04:00,6616.875,2026-04-01 14:50:00-04:00,time,5.964285714285714,2.5,120.0,1512.0,1337.0,778.5,685.5,1.130890052356021,0.8842592592592593,True,True,False,False,6617.0,6618.25,1.25,1.4910714285714286,False,False,False,False,True,False
IS,flow_burst,1,LONG,LONG_short,short,2026-04-02 09:30:00-04:00,6532.25,2026-04-02 09:35:00-04:00,stop,6.589285714285714,-13.5,-680.0,,,,,,,,,,,6532.0,6533.5,1.5,1.6473214285714286,False,False,False,False,False,False
IS,flow_burst,1,LONG,LONG_long,long,2026-04-02 14:45:00-04:00,6608.125,2026-04-02 15:15:00-04:00,time,6.767857142857143,4.25,207.5,653.0,516.0,849.5,802.5,1.2655038759689923,0.7901990811638591,False,False,False,False,6607.75,6607.0,-0.75,1.6919642857142858,False,False,False,False,True,False
IS,flow_burst,-1,SHORT,SHORT_long,long,2026-04-02 15:25:00-04:00,6608.875,2026-04-02 15:50:00-04:00,stop,5.642857142857143,-11.625,-586.25,626.0,580.0,843.0,802.5,1.0793103448275863,0.9265175718849841,False,False,False,False,6608.75,6608.5,-0.25,1.4107142857142858,False,False,False,False,True,False
IS,flow_burst,1,LONG,LONG_long,long,2026-04-06 09:30:00-04:00,6623.5,2026-04-06 10:00:00-04:00,time,6.089285714285714,18.375,913.75,,,,,,,,,,,6623.25,6627.75,4.5,1.5223214285714286,True,False,False,False,False,False
IS,flow_burst,-1,SHORT,SHORT_long,long,2026-04-06 13:40:00-04:00,6634.875,2026-04-06 14:10:00-04:00,time,7.928571428571429,4.0,195.0,153.0,187.0,533.5,537.5,0.8181818181818182,1.2222222222222223,False,False,False,False,6635.25,6634.5,-0.75,1.9821428571428572,False,False,False,False,True,False
IS,flow_burst,1,LONG,LONG_long,long,2026-04-06 14:15:00-04:00,6636.875,2026-04-06 14:45:00-04:00,time,7.821428571428571,6.0,295.0,430.0,362.0,496.0,482.5,1.1878453038674033,0.8418604651162791,False,False,False,False,6636.75,6638.0,1.25,1.9553571428571428,False,False,False,False,True,False
IS,flow_burst,-1,SHORT,SHORT_short,short,2026-04-07 14:40:00-04:00,6622.375,2026-04-07 15:10:00-04:00,time,6.839285714285714,21.75,1082.5,708.0,1107.0,562.0,580.0,0.6395663956639567,1.5635593220338984,True,True,False,True,6622.5,6618.75,-3.75,1.7098214285714286,False,True,False,True,True,True
IS,flow_burst,1,LONG,LONG_short,short,2026-04-07 15:20:00-04:00,6634.625,2026-04-07 15:50:00-04:00,time,9.0,9.625,476.25,4464.0,4013.0,600.0,598.5,1.1123847495639172,0.8989695340501792,True,True,False,False,6634.5,6639.0,4.5,2.25,True,False,False,False,True,False
IS,flow_burst,1,LONG,LONG_long,long,2026-04-08 09:30:00-04:00,6833.75,2026-04-08 09:50:00-04:00,stop,13.178571428571429,-26.375,-1323.75,,,,,,,,,,,6833.5,6831.0,-2.5,3.294642857142857,False,False,False,False,False,False
IS,flow_burst,-1,SHORT,SHORT_short,short,2026-04-08 14:20:00-04:00,6812.125,2026-04-08 14:50:00-04:00,time,6.571428571428571,9.25,457.5,2316.0,2204.0,681.5,734.0,1.0508166969147006,0.9516407599309153,True,True,False,False,6812.25,6817.5,5.25,1.6428571428571428,True,False,False,False,True,False
IS,flow_burst,-1,SHORT,SHORT_short,short,2026-04-08 15:00:00-04:00,6793.125,2026-04-08 15:10:00-04:00,stop,7.303571428571429,-14.75,-742.5,1060.0,1145.0,696.5,772.5,0.925764192139738,1.080188679245283,True,True,False,False,6793.5,6794.0,0.5,1.8258928571428572,False,False,False,False,True,False
IS,flow_burst,1,LONG,LONG_long,long,2026-04-08 15:15:00-04:00,6808.125,2026-04-08 15:45:00-04:00,time,8.0,2.625,126.25,687.0,792.0,708.5,789.0,0.8674242424242424,1.1528384279475983,False,True,False,False,6808.0,6808.75,0.75,2.0,False,False,False,False,True,False
IS,flow_burst,1,LONG,LONG_short,short,2026-04-09 09:30:00-04:00,6816.0,2026-04-09 10:00:00-04:00,time,7.732142857142857,0.625,26.25,,,,,,,,,,,6815.75,6811.75,-4.0,1.9330357142857142,False,True,False,False,False,False
IS,flow_burst,-1,SHORT,SHORT_long,long,2026-04-09 15:05:00-04:00,6859.875,2026-04-09 15:35:00-04:00,time,6.964285714285714,-7.5,-380.0,441.0,487.0,722.0,772.0,0.9055441478439425,1.1043083900226758,False,False,False,False,6860.0,6858.75,-1.25,1.7410714285714286,False,False,False,False,True,False
IS,flow_burst,-1,SHORT,SHORT_long,long,2026-04-10 09:30:00-04:00,6877.25,2026-04-10 10:00:00-04:00,time,5.321428571428571,11.875,588.75,,,,,,,,,,,6877.5,6877.0,-0.5,1.3303571428571428,False,False,False,False,False,False
IS,flow_burst,1,LONG,LONG_long,long,2026-04-10 15:15:00-04:00,6861.875,2026-04-10 15:30:00-04:00,stop,3.1964285714285716,-6.5,-330.0,420.0,596.0,573.5,585.5,0.7046979865771812,1.4190476190476191,False,True,False,False,6861.75,6860.25,-1.5,0.7991071428571429,False,True,False,False,True,False
IS,flow_burst,1,LONG,LONG_long,long,2026-04-13 09:30:00-04:00,6837.5,2026-04-13 09:35:00-04:00,stop,4.196428571428571,-8.75,-442.5,,,,,,,,,,,6837.0,6837.25,0.25,1.0491071428571428,False,False,False,False,False,False
IS,flow_burst,1,LONG,LONG_long,long,2026-04-13 12:30:00-04:00,6875.625,2026-04-13 13:00:00-04:00,time,6.089285714285714,9.25,457.5,1473.0,1438.0,599.0,603.5,1.0243393602225312,0.9762389680923286,True,True,False,False,6875.5,6875.75,0.25,1.5223214285714286,False,False,False,False,True,False
IS,flow_burst,-1,SHORT,SHORT_long,long,2026-04-14 14:20:00-04:00,6992.125,2026-04-14 14:50:00-04:00,time,3.357142857142857,6.5,320.0,887.0,735.0,471.5,514.5,1.2068027210884353,0.8286358511837655,True,True,False,False,6992.25,6992.25,0.0,0.8392857142857143,False,False,False,False,True,False
IS,flow_burst,-1,SHORT,SHORT_short,short,2026-04-14 14:45:00-04:00,6987.375,2026-04-14 15:05:00-04:00,stop,4.285714285714286,-8.75,-442.5,569.0,460.0,471.5,504.5,1.2369565217391305,0.8084358523725835,True,False,False,False,6987.75,6987.75,0.0,1.0714285714285714,False,False,False,False,True,False
IS,flow_burst,1,LONG,LONG_long,long,2026-04-14 15:05:00-04:00,6994.125,2026-04-14 15:35:00-04:00,time,4.75,6.75,332.5,822.0,505.0,469.0,498.0,1.6277227722772276,0.6143552311435523,True,True,True,False,6994.0,6995.25,1.25,1.1875,True,False,True,False,True,True
IS,flow_burst,1,LONG,LONG_long,long,2026-04-15 14:30:00-04:00,7047.125,2026-04-15 15:00:00-04:00,time,4.428571428571429,11.0,545.0,665.0,342.0,561.5,543.5,1.9444444444444444,0.5142857142857142,True,False,True,False,7047.25,7048.0,0.75,1.1071428571428572,False,False,False,False,True,False
IS,flow_burst,-1,SHORT,SHORT_short,short,2026-04-15 15:15:00-04:00,7056.625,2026-04-15 15:45:00-04:00,time,3.9107142857142856,-0.125,-11.25,541.0,456.0,606.0,566.5,1.1864035087719298,0.8428835489833642,False,False,False,False,7056.5,7057.75,1.25,0.9776785714285714,True,False,False,False,True,False
IS,flow_burst,1,LONG,LONG_long,long,2026-04-16 15:20:00-04:00,7072.625,2026-04-16 15:50:00-04:00,time,4.928571428571429,6.375,313.75,282.0,305.0,584.0,600.0,0.9245901639344263,1.0815602836879432,False,False,False,False,7072.75,7072.5,-0.25,1.2321428571428572,False,False,False,False,True,False
IS,flow_burst,-1,SHORT,SHORT_long,long,2026-04-17 09:30:00-04:00,7120.5,2026-04-17 09:30:00-04:00,stop,4.178571428571429,-8.5,-430.0,,,,,,,,,,,7120.75,7121.5,0.75,1.0446428571428572,False,False,False,False,False,False
IS,flow_burst,-1,SHORT,SHORT_long,long,2026-04-17 13:10:00-04:00,7175.875,2026-04-17 13:20:00-04:00,target,5.035714285714286,22.625,1126.25,911.0,949.0,724.0,627.0,0.9599578503688093,1.0417124039517014,True,True,False,False,7176.0,7174.5,-1.5,1.2589285714285714,False,True,False,False,True,False
IS,flow_burst,-1,SHORT,SHORT_short,short,2026-04-17 13:25:00-04:00,7158.625,2026-04-17 13:55:00-04:00,time,5.839285714285714,-8.75,-442.5,1887.0,1406.0,724.0,627.0,1.3421052631578947,0.7450980392156863,True,True,False,False,7158.75,7160.75,2.0,1.4598214285714286,True,False,False,False,True,False
IS,flow_burst,1,LONG,LONG_long,long,2026-04-17 14:35:00-04:00,7165.125,2026-04-17 15:05:00-04:00,time,6.285714285714286,-7.5,-380.0,286.0,494.0,755.0,719.0,0.5789473684210527,1.7272727272727273,False,False,False,True,7165.0,7164.25,-0.75,1.5714285714285714,False,False,False,False,True,False
IS,flow_burst,1,LONG,LONG_long,long,2026-04-20 09:30:00-04:00,7150.75,2026-04-20 10:00:00-04:00,time,5.303571428571429,6.375,313.75,,,,,,,,,,,7150.25,7149.5,-0.75,1.3258928571428572,False,False,False,False,False,False
IS,flow_burst,-1,SHORT,SHORT_long,long,2026-04-20 14:50:00-04:00,7143.875,2026-04-20 15:20:00-04:00,time,4.339285714285714,-0.0,-5.0,643.0,432.0,513.5,529.0,1.4884259259259258,0.671850699844479,True,False,False,False,7144.0,7145.25,1.25,1.0848214285714286,True,False,False,False,True,False
IS,flow_burst,1,LONG,LONG_long,long,2026-04-21 09:30:00-04:00,7163.5,2026-04-21 09:30:00-04:00,stop,3.767857142857143,-7.75,-392.5,,,,,,,,,,,7163.0,7162.25,-0.75,0.9419642857142857,False,False,False,False,False,False
IS,flow_burst,1,LONG,LONG_long,long,2026-04-21 13:40:00-04:00,7121.125,2026-04-21 14:10:00-04:00,time,9.232142857142858,-4.25,-217.5,4171.0,3499.0,566.0,555.0,1.192054872820806,0.8388875569407815,True,True,False,False,7120.75,7124.75,4.0,2.3080357142857144,True,False,False,False,True,False
IS,flow_burst,-1,SHORT,SHORT_short,short,2026-04-21 14:20:00-04:00,7109.625,2026-04-21 14:50:00-04:00,time,9.321428571428571,-1.0,-55.0,601.0,496.0,615.5,611.5,1.2116935483870968,0.8252911813643927,False,False,False,False,7109.75,7110.25,0.5,2.330357142857143,False,False,False,False,True,False
IS,flow_burst,1,LONG,LONG_long,long,2026-04-21 14:55:00-04:00,7121.625,2026-04-21 15:25:00-04:00,time,7.196428571428571,12.75,632.5,3947.0,3709.0,636.0,631.0,1.0641682394176328,0.939701038763618,True,True,False,False,7121.75,7126.0,4.25,1.7991071428571428,True,False,False,False,True,False
IS,flow_burst,1,LONG,LONG_short,short,2026-04-21 15:25:00-04:00,7134.625,2026-04-21 15:35:00-04:00,stop,8.0,-16.0,-805.0,619.0,504.0,645.0,669.5,1.2281746031746033,0.81421647819063,False,False,False,False,7134.5,7135.25,0.75,2.0,False,False,False,False,True,False
